episode,step,cpu_frame_time,gpu_frame_time,fps,visible_renderer_count,triangle_count,draw_call_count,camera_speed,camera_rotation_speed,avg_screen_coverage,previous_bias,recent_lod_switch_count,lod_bias_before_action,action_delta,lod_bias_after_action
1,0,8.8058,6.3724,60.45,15365,1171762,7360,0.0000,0.0000,0.002696,1.0000,0,1.0000,0.0000,1.0000
1,1,16.1400,6.8291,33.66,15365,1228813,8009,3.3662,0.0000,0.002696,1.0000,0,1.0000,0.0000,1.0000
1,2,16.5506,7.1444,56.56,15365,1190930,7784,5.6551,0.0000,0.002696,1.0000,0,1.0000,0.0000,1.0000
1,3,16.6943,6.7451,71.64,15365,1189282,7788,7.1612,0.0000,0.002696,1.0000,0,1.0000,0.0000,1.0000
1,4,29.6927,7.4363,119.68,15365,1178081,7808,0.0000,0.0000,0.002696,1.0000,0,1.0000,0.0000,1.0000
1,5,18.0392,7.2980,60.21,15365,1187452,7804,6.0206,0.0000,0.002696,1.0000,0,1.0000,0.0000,1.0000
1,6,13.7128,7.2192,58.27,15365,1185563,7665,5.8272,0.0000,0.002696,1.0000,0,1.0000,0.0000,1.0000
1,7,7.7460,7.5602,56.87,15365,1106824,7809,5.6866,0.0000,0.002696,1.0000,0,1.0000,0.0000,1.0000
1,8,16.6176,7.2622,55.15,15365,1138497,7673,5.5150,0.0000,0.002696,1.0000,1,1.0000,0.0500,1.0500
1,9,17.7613,7.3820,88.62,15365,1170505,7700,8.8631,0.0000,0.002696,1.0500,1,1.0500,0.0000,1.0500
1,10,16.9839,7.3421,52.14,15365,1166118,7685,0.0000,0.0000,0.002696,1.0500,1,1.0500,0.0000,1.0500
1,11,19.2359,7.3196,51.03,15365,1178233,7774,5.1032,4.5149,0.002696,1.0500,1,1.0500,0.0000,1.0500
1,12,10.7074,7.4309,89.04,15365,1167709,7753,8.9051,0.0000,0.002696,1.0500,1,1.0500,0.0000,1.0500
1,13,19.2970,7.3073,47.41,15365,1117092,7492,4.7309,0.0000,0.002696,1.0500,1,1.0500,0.0000,1.0500
1,14,19.0794,7.3124,81.74,15365,1132996,7578,8.1744,9.1467,0.002696,1.0500,1,1.0500,0.0000,1.0500
1,15,11.4937,7.3001,43.28,15365,1147080,7400,4.3271,5.1370,0.002696,1.0500,1,1.0500,0.0000,1.0500
1,16,21.3001,7.3871,98.03,15365,1166969,7755,0.0000,23.5923,0.002696,1.0500,2,1.0500,-0.0500,1.0000
1,17,11.7630,7.1588,60.40,15365,1099821,7240,6.0415,3.3793,0.002696,1.0000,2,1.0000,0.0000,1.0000
1,18,23.8078,7.1997,55.17,15365,1134042,7158,5.4991,5.7754,0.002696,1.0000,2,1.0000,0.0000,1.0000
1,19,9.9246,7.2755,65.20,15365,1118158,7423,6.5252,5.1594,0.002696,1.0000,2,1.0000,0.0000,1.0000
1,20,16.4147,7.0994,60.04,15365,1114021,7414,5.9973,4.7507,0.002696,1.0000,2,1.0000,0.0000,1.0000
1,21,18.0738,7.3964,59.80,15365,1129246,7551,5.9826,5.7950,0.002696,1.0000,2,1.0000,0.0000,1.0000
1,22,15.4337,7.0717,60.23,15365,1086592,7325,0.0000,4.7660,0.002696,1.0000,2,1.0000,0.0000,1.0000
1,23,16.3770,7.3359,59.93,15365,1087947,7442,5.9705,4.7422,0.002696,1.0000,2,1.0000,0.0000,1.0000
1,24,16.9922,7.2243,60.09,15365,1114962,7491,6.0141,3.3624,0.002696,1.0000,3,1.0000,0.0500,1.0500
1,25,17.1752,7.4015,59.94,15365,1126591,7418,5.9981,3.3537,0.002696,1.0500,3,1.0500,0.0000,1.0500
1,26,16.1720,6.9929,59.79,15365,1096527,7348,5.9862,0.0000,0.002696,1.0500,3,1.0500,0.0000,1.0500
1,27,16.5982,7.4813,60.22,15365,1101938,7498,6.0132,0.0000,0.002696,1.0500,3,1.0500,0.0000,1.0500
1,28,16.6195,7.1823,59.81,15365,1111309,7303,0.0000,2.3663,0.002696,1.0500,3,1.0500,0.0000,1.0500
1,29,16.5483,7.0226,60.19,15365,1086705,7323,6.0399,3.3678,0.002696,1.0500,3,1.0500,0.0000,1.0500
1,30,16.7333,7.3718,59.74,14390,1073835,7207,5.9861,4.7273,0.000940,1.0500,3,1.0500,0.0000,1.0500
1,31,17.0144,7.3974,32.86,14390,666489,4838,6.5520,3.1842,0.000940,1.0500,3,1.0500,0.0000,1.0500
1,32,16.6987,6.0283,51.11,14390,677982,4880,5.1090,9.2672,0.000940,1.0500,4,1.0500,-0.0500,1.0000
1,33,16.5334,5.5644,74.75,14390,691730,4883,0.0000,13.5521,0.000940,1.0000,4,1.0000,0.0000,1.0000
1,34,31.0600,5.9515,162.63,14390,653385,4758,0.0000,23.1997,0.000940,1.0000,4,1.0000,0.0000,1.0000
1,35,18.6027,5.9064,57.67,14390,634413,4726,5.7694,0.0000,0.000940,1.0000,4,1.0000,0.0000,1.0000
1,36,13.7022,5.5132,55.66,14390,659676,4945,5.5710,5.3941,0.000940,1.0000,4,1.0000,0.0000,1.0000
1,37,6.3401,5.8143,84.19,14390,641319,4842,8.4712,6.6622,0.000940,1.0000,4,1.0000,0.0000,1.0000
1,38,17.1340,5.5450,52.74,14390,596069,4569,5.2627,4.1731,0.000940,1.0000,3,1.0000,0.0000,1.0000
1,39,17.8419,5.5880,51.43,14390,607713,4775,5.1091,10.1733,0.000940,1.0000,3,1.0000,0.0000,1.0000
1,40,12.5411,5.7610,86.47,14390,662042,4799,0.0000,29.6284,0.000940,1.0000,4,1.0000,0.0500,1.0500
1,41,18.8720,5.8634,48.04,14390,619972,4663,4.8297,10.5835,0.000940,1.0500,4,1.0500,0.0000,1.0500
1,42,19.7447,5.6781,79.46,14390,671693,4918,7.9920,20.3745,0.000940,1.0500,4,1.0500,0.0000,1.0500
1,43,11.2352,5.6699,43.85,14390,671539,4906,4.1129,3.4698,0.000940,1.0500,4,1.0500,0.0000,1.0500
1,44,20.8106,5.7170,95.29,14390,673775,4949,9.5291,9.2349,0.000940,1.0500,4,1.0500,0.0000,1.0500
1,45,12.0812,5.4559,60.95,14390,666797,4858,6.0953,3.4105,0.000940,1.0500,4,1.0500,0.0000,1.0500
1,46,23.2852,5.8747,56.07,14390,673076,4945,0.0000,7.0157,0.000940,1.0500,3,1.0500,0.0000,1.0500
1,47,10.1415,5.8102,63.82,14390,660766,4878,6.3819,16.5574,0.000940,1.0500,3,1.0500,0.0000,1.0500
1,48,16.6546,5.9433,60.12,14390,657670,4863,6.0125,11.8941,0.000940,1.0500,4,1.0500,0.0500,1.1000
1,49,17.7231,5.8706,59.78,14390,646610,4891,5.9779,8.5277,0.000940,1.1000,4,1.1000,0.0000,1.1000
1,50,16.1956,5.8870,60.13,14390,726225,5135,6.0128,10.9015,0.000940,1.1000,4,1.1000,0.0000,1.1000
1,51,15.8099,6.3150,59.82,14390,744407,5124,5.9823,8.5340,0.000940,1.1000,4,1.1000,0.0000,1.1000
1,52,16.8023,6.4881,59.93,14390,746605,5072,0.0000,5.8081,0.000940,1.1000,4,1.1000,0.0000,1.1000
1,53,16.6336,6.4246,60.11,14390,727961,5072,6.0110,5.8254,0.000940,1.1000,4,1.1000,0.0000,1.1000
1,54,16.8584,6.5311,59.96,14390,730473,5036,5.9964,8.5538,0.000940,1.1000,3,1.1000,0.0000,1.1000
1,55,16.5182,6.5649,60.14,14390,716677,5084,6.0140,4.1213,0.000940,1.1000,3,1.1000,0.0000,1.1000
1,56,17.3017,6.7533,59.37,14390,713133,5050,5.9373,5.2526,0.000940,1.1000,4,1.1000,0.0500,1.1500
1,57,16.2404,6.6867,60.57,14390,714333,4977,6.0569,3.3890,0.000940,1.1500,4,1.1500,0.0000,1.1500
1,58,16.3588,6.7072,60.05,14390,725918,5161,0.0000,0.0000,0.000940,1.1500,4,1.1500,0.0000,1.1500
1,59,17.2133,7.0390,59.85,14390,714831,5224,5.9846,0.0000,0.000940,1.1500,4,1.1500,0.0000,1.1500
1,60,15.8355,6.9765,60.20,13327,724463,5198,6.0203,0.0000,0.001141,1.1500,4,1.1500,0.0000,1.1500
1,61,17.0138,7.0543,36.46,13327,743489,5171,3.6458,0.0000,0.001141,1.1500,4,1.1500,0.0000,1.1500
1,62,16.3836,7.0830,44.16,13327,725450,5217,8.8317,0.0000,0.001141,1.1500,3,1.1500,0.0000,1.1500
1,63,16.4941,6.7113,82.71,13327,728273,5227,0.0000,0.0000,0.001141,1.1500,3,1.1500,0.0000,1.1500
1,64,27.5043,7.0984,123.67,13327,740120,5229,12.3670,0.0000,0.001141,1.1500,4,1.1500,0.0500,1.2000
1,65,22.6592,7.1127,62.68,13327,756799,5215,0.0000,0.0000,0.001141,1.2000,4,1.2000,0.0000,1.2000
1,66,12.0066,7.1086,72.49,13327,764665,5348,7.2490,0.0000,0.001141,1.2000,4,1.2000,0.0000,1.2000
1,67,8.0837,7.5080,60.06,13327,769026,5418,6.0056,3.3603,0.001141,1.2000,4,1.2000,0.0000,1.2000
1,68,16.0577,7.2704,59.85,13327,785844,5446,5.9853,3.3490,0.001141,1.2000,4,1.2000,0.0000,1.2000
1,69,14.2796,7.2253,59.99,13327,766793,5301,5.9986,4.7466,0.001141,1.2000,4,1.2000,0.0000,1.2000
1,70,16.7587,7.3339,59.95,13327,768817,5276,0.0000,7.1160,0.001141,1.2000,3,1.2000,0.0000,1.2000
1,71,16.5168,7.3892,59.77,13327,731078,5286,5.9770,4.0959,0.001141,1.2000,3,1.2000,0.0000,1.2000
1,72,16.7323,7.2182,59.97,13327,747172,5377,5.9972,3.3556,0.001141,1.2000,4,1.2000,0.0500,1.2500
1,73,16.8647,7.0973,60.43,13327,750896,5345,6.0434,6.3261,0.001141,1.2500,4,1.2500,0.0000,1.2500
1,74,16.4259,6.9652,59.97,13327,789081,5458,5.9971,5.8120,0.001141,1.2500,4,1.2500,0.0000,1.2500
1,75,16.6985,7.5018,59.91,13327,799400,5484,5.9910,7.1110,0.001141,1.2500,4,1.2500,0.0000,1.2500
1,76,16.2051,7.5530,59.95,13327,802579,5538,0.0000,5.8104,0.001141,1.2500,4,1.2500,0.0000,1.2500
1,77,16.9374,7.6452,59.97,13327,817719,5482,5.9973,4.7456,0.001141,1.2500,4,1.2500,0.0000,1.2500
1,78,16.6509,7.6995,60.26,13327,809746,5417,6.0255,6.3074,0.001141,1.2500,3,1.2500,0.0000,1.2500
1,79,17.3196,7.7793,59.79,13327,819039,5497,5.9789,10.0364,0.001141,1.2500,3,1.2500,0.0000,1.2500
1,80,16.5632,7.5745,60.00,13327,808447,5432,6.0006,15.0150,0.001141,1.2500,4,1.2500,0.0500,1.3000
1,81,16.2390,7.5377,60.19,13327,799177,5172,6.0190,10.1033,0.001141,1.3000,4,1.3000,0.0000,1.3000
1,82,17.1820,7.4537,59.90,13327,814013,5537,0.0000,8.8681,0.001141,1.3000,4,1.3000,0.0000,1.3000
1,83,16.2392,7.6134,59.86,13327,812677,5568,5.9857,6.6984,0.001141,1.3000,4,1.3000,0.0000,1.3000
1,84,16.2378,7.7087,59.97,13327,832255,5532,5.9972,7.5034,0.001141,1.3000,4,1.3000,0.0000,1.3000
1,85,17.4039,7.6749,60.14,13327,837601,5556,6.0139,5.8283,0.001141,1.3000,4,1.3000,0.0000,1.3000
1,86,17.0979,7.7384,59.95,13327,871540,5652,5.9947,6.2752,0.001141,1.3000,3,1.3000,0.0000,1.3000
1,87,15.9328,7.8633,59.89,13327,840760,5578,5.9895,7.8594,0.001141,1.3000,3,1.3000,0.0000,1.3000
1,88,16.8000,7.7896,60.26,13327,871774,5545,0.0000,7.5394,0.001141,1.3000,4,1.3000,0.0500,1.3500
1,89,16.1996,8.1121,59.81,13327,832412,5526,5.9810,5.2914,0.001141,1.3500,4,1.3500,0.0000,1.3500
1,90,17.1902,7.8561,60.33,12355,871602,5642,6.0326,7.1603,0.001978,1.3500,4,1.3500,0.0000,1.3500
1,91,16.2595,7.9585,37.10,12355,859829,5633,3.7097,5.6845,0.001978,1.3500,4,1.3500,0.0000,1.3500
1,92,16.4421,7.9872,43.20,12355,866339,5645,8.6401,10.9442,0.001978,1.3500,4,1.3500,0.0000,1.3500
1,93,16.5706,7.6626,80.89,12355,862797,5571,0.0000,12.3954,0.001978,1.3500,4,1.3500,0.0000,1.3500
1,94,27.7229,7.8889,95.47,12355,870907,5604,9.5467,3.7771,0.001978,1.3500,3,1.3500,0.0000,1.3500
1,95,23.6788,7.4660,88.62,12355,836648,5521,0.0000,0.0000,0.001978,1.3500,3,1.3500,0.0000,1.3500
1,96,11.2805,7.5325,48.06,12355,857642,5530,4.8055,3.2932,0.001978,1.3500,4,1.3500,0.0500,1.4000
1,97,10.2759,7.6022,85.67,12355,844509,5561,8.5671,7.5793,0.001978,1.4000,4,1.4000,0.0000,1.4000
1,98,11.7307,7.6677,43.71,12355,861418,5632,4.3715,3.8674,0.001978,1.4000,4,1.4000,0.0000,1.4000
1,99,20.5871,8.0681,95.62,12355,802556,5601,9.5619,11.9634,0.001978,1.4000,4,1.4000,0.0000,1.4000
1,100,12.0744,7.7916,60.87,12355,850060,5637,0.0000,3.4057,0.001978,1.4000,4,1.4000,0.0000,1.4000
1,101,22.7052,7.9657,56.10,12355,864042,5661,5.6099,6.6585,0.001978,1.4000,4,1.4000,0.0000,1.4000
1,102,10.2062,7.5909,62.97,12355,871732,5679,6.2967,7.8781,0.001978,1.4000,3,1.4000,0.0000,1.4000
1,103,16.6308,8.0179,60.20,12355,890214,5538,6.0202,7.5323,0.001978,1.4000,3,1.4000,0.0000,1.4000
1,104,17.9147,8.0865,60.23,12355,885969,5577,6.0226,7.5351,0.001978,1.4000,4,1.4000,0.0500,1.4500
1,105,15.8750,7.8449,60.04,12355,878738,5611,6.0045,4.1148,0.001978,1.4500,4,1.4500,0.0000,1.4500
1,106,16.1164,7.6227,60.17,12355,874269,5709,0.0000,3.3665,0.001978,1.4500,4,1.4500,0.0000,1.4500
1,107,16.9071,8.0005,59.81,12355,868007,5666,5.9813,3.3467,0.001978,1.4500,4,1.4500,0.0000,1.4500
1,108,16.5672,7.6964,60.12,12355,872644,5614,6.0115,7.5214,0.001978,1.4500,4,1.4500,0.0000,1.4500
1,109,16.9634,7.6984,59.89,12355,859080,5602,5.9890,9.1770,0.001978,1.4500,4,1.4500,0.0000,1.4500
1,110,16.3738,7.5643,59.88,12355,846755,5507,5.9876,8.5415,0.001978,1.4500,3,1.4500,0.0000,1.4500
1,111,16.6644,7.7107,60.24,12355,877264,5586,6.0235,6.3054,0.001978,1.4500,3,1.4500,0.0000,1.4500
1,112,16.8371,7.7783,59.89,12355,886771,5496,0.0000,5.2988,0.001978,1.4500,4,1.4500,0.0500,1.5000
1,113,16.5885,7.6206,59.85,12355,902010,5532,5.9852,7.4883,0.001978,1.5000,4,1.5000,0.0000,1.5000
1,114,16.4139,7.7711,60.25,12355,903639,5358,6.0247,7.5378,0.001978,1.5000,4,1.5000,0.0000,1.5000
1,115,17.1044,7.6933,59.92,12355,892864,5652,5.9918,9.1814,0.001978,1.5000,4,1.5000,0.0000,1.5000
1,116,16.8162,7.7015,59.57,12355,864729,5611,5.9568,8.8182,0.001978,1.5000,4,1.5000,0.0000,1.5000
1,117,15.9922,7.8520,60.44,12355,883495,5583,6.0435,7.5613,0.001978,1.5000,4,1.5000,0.0000,1.5000
1,118,17.4691,7.9002,60.03,12355,880395,5561,0.0000,4.7502,0.001978,1.5000,3,1.5000,0.0000,1.5000
1,119,17.2449,7.7732,59.73,12355,877707,5556,5.9735,3.3423,0.001978,1.5000,3,1.5000,0.0000,1.5000
1,120,15.5899,7.7046,60.41,11108,884704,5497,6.0407,3.3800,0.002620,1.5000,4,1.5000,0.0500,1.5500
1,121,16.9239,7.6718,38.60,11108,864734,5385,3.8604,0.0000,0.002620,1.5500,4,1.5500,0.0000,1.5500
1,122,16.2316,7.5633,41.35,11108,875850,5569,8.2691,2.3134,0.002620,1.5500,4,1.5500,0.0000,1.5500
1,123,16.8046,7.3134,83.98,11108,865665,5501,0.0000,8.7904,0.002620,1.5500,4,1.5500,0.0000,1.5500
1,124,25.8498,7.4865,127.04,11108,868221,5517,12.7035,0.0000,0.002620,1.5500,4,1.5500,0.0000,1.5500
1,125,24.2303,7.8940,74.34,11108,878889,5590,0.0000,0.0000,0.002620,1.5500,4,1.5500,0.0000,1.5500
1,126,12.1367,7.4097,45.81,11108,868409,5556,4.5806,2.5630,0.002620,1.5500,3,1.5500,0.0000,1.5500
1,127,7.6098,7.4711,86.57,11108,894615,5566,8.6573,0.0000,0.002620,1.5500,3,1.5500,0.0000,1.5500
1,128,13.4948,7.9585,42.19,11108,864179,5367,4.2194,0.0000,0.002620,1.5500,4,1.5500,0.0500,1.6000
1,129,23.1193,7.4865,103.78,11108,906145,5566,10.3783,14.8049,0.002620,1.6000,4,1.6000,0.0000,1.6000
1,130,10.2127,7.4107,59.86,11108,926996,5616,0.0000,0.0000,0.002620,1.6000,4,1.6000,0.0000,1.6000
1,131,23.9261,7.4957,60.06,11108,940450,5644,6.0058,4.7523,0.002620,1.6000,4,1.6000,0.0000,1.6000
1,132,9.4177,7.3851,60.08,11108,863912,5607,6.0076,3.3615,0.002620,1.6000,4,1.6000,0.0000,1.6000
1,133,17.9976,7.9094,60.09,11108,918281,5617,6.0091,3.3623,0.002620,1.6000,4,1.6000,0.0000,1.6000
1,134,15.3938,7.6913,60.12,11108,904071,5574,6.0117,3.3637,0.002620,1.6000,3,1.6000,0.0000,1.6000
1,135,16.5922,7.5735,59.70,11108,893328,5572,5.9699,3.3403,0.002620,1.6000,3,1.6000,0.0000,1.6000
1,136,16.8689,7.4865,60.19,11108,918452,5574,0.0000,0.0000,0.002620,1.6000,4,1.6000,0.0500,1.6500
1,137,16.8508,7.5100,59.93,11108,872987,5397,5.9928,0.0000,0.002620,1.6500,4,1.6500,0.0000,1.6500
1,138,16.3809,7.1731,59.85,11108,915613,5571,5.9847,0.0000,0.002620,1.6500,4,1.6500,0.0000,1.6500
1,139,16.2764,7.5325,60.26,11108,912111,5622,6.0259,0.0000,0.002620,1.6500,4,1.6500,0.0000,1.6500
1,140,16.6183,7.4772,59.80,11108,906916,5608,5.9795,2.3658,0.002620,1.6500,4,1.6500,0.0000,1.6500
1,141,17.1383,6.8669,60.13,11108,892839,5505,6.0131,0.0000,0.002620,1.6500,4,1.6500,0.0000,1.6500
1,142,16.5878,7.2407,59.88,11108,878463,5462,0.0000,2.3693,0.002620,1.6500,3,1.6500,0.0000,1.6500
1,143,16.9018,7.0656,60.06,11108,878954,5516,6.0056,0.0000,0.002620,1.6500,3,1.6500,0.0000,1.6500
1,144,16.2202,7.3298,59.81,11108,876365,5452,5.9814,0.0000,0.002620,1.6500,4,1.6500,0.0500,1.7000
1,145,16.5045,6.8526,60.23,11108,879745,5407,6.0229,0.0000,0.002620,1.7000,4,1.7000,0.0000,1.7000
1,146,16.7687,6.9612,60.04,11108,875633,5496,6.0039,0.0000,0.002620,1.7000,4,1.7000,0.0000,1.7000
1,147,16.6055,6.9540,59.95,11108,892700,5516,5.9954,0.0000,0.002620,1.7000,4,1.7000,0.0000,1.7000
1,148,16.8926,7.0083,60.20,11108,897310,5444,0.0000,0.0000,0.002620,1.7000,4,1.7000,0.0000,1.7000
1,149,16.6046,7.0339,59.71,11108,895831,5482,5.9706,0.0000,0.002620,1.7000,4,1.7000,0.0000,1.7000
1,150,16.4413,6.9181,60.21,10243,876698,5410,6.0214,0.0000,0.005701,1.7000,3,1.7000,0.0000,1.7000
1,151,16.3323,6.9908,39.05,10243,843066,5266,7.8930,0.0000,0.005701,1.7000,3,1.7000,0.0000,1.7000
1,152,16.6751,6.7584,94.69,10243,834597,5285,0.0000,0.0000,0.005701,1.7000,3,1.7000,0.0000,1.7000
1,153,24.3688,6.9908,117.52,10243,845216,5290,0.0000,0.0000,0.005701,1.7000,4,1.7000,0.0500,1.7500
1,154,25.7202,7.2294,70.35,10243,851037,5274,7.4110,0.0000,0.005701,1.7500,4,1.7500,0.0000,1.7500
1,155,10.5250,6.9888,59.90,10243,883781,5398,6.5334,0.0000,0.005701,1.7500,4,1.7500,0.0000,1.7500
1,156,8.4408,7.2571,60.19,10243,923776,5458,4.3468,0.0000,0.005701,1.7500,4,1.7500,0.0000,1.7500
1,157,14.2263,7.5643,59.62,10243,898954,5417,5.9629,0.0000,0.005701,1.7500,3,1.7500,0.0000,1.7500
1,158,16.7730,7.4588,60.17,10243,903874,5392,6.0184,0.0000,0.005701,1.7500,3,1.7500,0.0000,1.7500
1,159,16.5285,7.4578,60.09,10243,877003,5315,0.0000,0.0000,0.005701,1.7500,3,1.7500,0.0000,1.7500
1,160,16.7843,7.4813,59.77,10243,861697,4980,5.9838,0.0000,0.005701,1.7500,3,1.7500,0.0000,1.7500
1,161,16.7013,7.3196,60.28,10243,852857,5312,6.0303,0.0000,0.005701,1.7500,4,1.7500,0.0500,1.8000
1,162,16.8761,7.2407,59.78,10243,860849,5276,5.9765,0.0000,0.005701,1.8000,4,1.8000,0.0000,1.8000
1,163,16.4195,7.4250,60.09,10243,877335,5304,6.0084,0.0000,0.005701,1.8000,4,1.8000,0.0000,1.8000
1,164,16.6480,7.3288,60.25,10243,884530,5326,6.0253,0.0000,0.005701,1.8000,4,1.8000,0.0000,1.8000
1,165,16.6598,7.3236,59.87,10243,866047,5209,0.0000,0.0000,0.005701,1.8000,3,1.8000,0.0000,1.8000
1,166,16.7355,6.9970,59.92,10243,857109,4913,5.9927,0.0000,0.005701,1.8000,3,1.8000,0.0000,1.8000
1,167,16.5027,7.0052,59.85,10243,839355,5140,5.9854,0.0000,0.005701,1.8000,3,1.8000,0.0000,1.8000
1,168,16.8047,6.8393,60.42,10243,866597,5212,6.0422,0.0000,0.005701,1.8000,3,1.8000,0.0000,1.8000
1,169,16.6000,7.0717,59.34,10243,868819,5205,5.9360,0.0000,0.005701,1.8000,4,1.8000,0.0500,1.8500
1,170,16.7867,6.8956,60.28,10243,855259,5139,6.0284,0.0000,0.005701,1.8500,4,1.8500,0.0000,1.8500
1,171,16.4569,7.0636,60.15,10243,879641,5178,0.0000,0.0000,0.005701,1.8500,4,1.8500,0.0000,1.8500
1,172,16.9731,7.0810,59.91,10243,887473,5214,5.9911,0.0000,0.005701,1.8500,4,1.8500,0.0000,1.8500
1,173,16.4691,6.9151,60.02,10243,887373,5111,6.0070,0.0000,0.005701,1.8500,3,1.8500,0.0000,1.8500
1,174,16.7189,6.9202,60.17,10243,891819,4999,6.0176,0.0000,0.005701,1.8500,3,1.8500,0.0000,1.8500
1,175,16.6056,7.0400,59.80,10243,884299,5073,5.9765,0.0000,0.005701,1.8500,3,1.8500,0.0000,1.8500
1,176,16.7561,7.0052,60.20,10243,909961,5161,6.0204,0.0000,0.005701,1.8500,3,1.8500,0.0000,1.8500
1,177,16.8733,6.7226,60.10,10243,862190,5150,0.0000,3.3628,0.005701,1.8500,4,1.8500,0.0500,1.9000
1,178,16.7762,7.0472,59.98,10243,896811,5240,5.9986,3.3558,0.005701,1.9000,4,1.9000,0.0000,1.9000
1,179,16.5101,6.9448,59.90,9555,889618,5079,5.9895,3.3517,0.005843,1.9000,4,1.9000,0.0000,1.9000
1,180,18.0541,6.9571,40.97,9555,897508,5079,4.0964,3.2418,0.005843,1.9000,4,1.9000,0.0000,1.9000
1,181,15.7445,7.0134,38.96,9555,890211,5028,7.7944,3.0833,0.005843,1.9000,4,1.9000,0.0000,1.9000
1,182,16.4720,6.9315,95.26,9555,895839,5141,0.0000,10.6598,0.005843,1.9000,4,1.9000,0.0000,1.9000
1,183,24.2317,6.9898,116.01,9555,878781,5090,0.0000,0.0000,0.005843,1.9000,3,1.9000,0.0000,1.9000
1,184,25.3893,7.1680,70.98,9555,893042,4994,7.1000,0.0000,0.005843,1.9000,3,1.9000,0.0000,1.9000
1,185,10.5270,6.6580,59.86,9555,874481,4942,5.9860,0.0000,0.005843,1.9000,4,1.9000,0.0500,1.9500
1,186,8.6347,6.9571,59.58,9555,868217,4907,5.9581,3.3336,0.005843,1.9500,4,1.9500,0.0000,1.9500
1,187,14.2783,6.9722,60.64,9555,890481,5018,6.0652,2.3992,0.005843,1.9500,4,1.9500,0.0000,1.9500
1,188,17.0802,7.0605,59.69,9555,862832,4725,5.9686,4.0902,0.005843,1.9500,4,1.9500,0.0000,1.9500
1,189,16.4538,6.9130,60.13,9555,871460,4991,0.0000,4.7580,0.005843,1.9500,4,1.9500,0.0000,1.9500
1,190,16.5338,6.9745,60.01,9555,851164,4942,6.0005,4.1122,0.005843,1.9500,4,1.9500,0.0000,1.9500
1,191,16.6791,6.8925,59.93,9555,863663,4838,5.9935,4.7426,0.005843,1.9500,3,1.9500,0.0000,1.9500
1,192,16.7113,6.7492,60.09,9555,853199,4932,6.0091,4.7552,0.005843,1.9500,3,1.9500,0.0000,1.9500
1,193,16.5504,6.7581,59.80,9555,849397,4769,5.9802,2.3661,0.005843,1.9500,4,1.9500,0.0500,2.0000
1,194,16.8057,6.8936,59.83,9555,866893,4908,5.9831,3.3478,0.005843,2.0000,4,2.0000,0.0000,2.0000
1,195,17.2561,6.8321,60.45,9555,952987,4937,0.0000,3.3825,0.005843,2.0000,4,2.0000,0.0000,2.0000
1,196,16.2637,7.1281,59.60,9555,948717,4639,5.9599,3.3347,0.005843,2.0000,4,2.0000,0.0000,2.0000
1,197,16.4055,7.0083,60.26,9555,950157,4827,6.0263,2.3843,0.005843,2.0000,4,2.0000,0.0000,2.0000
1,198,17.3324,7.2806,59.76,9555,945235,4897,5.9759,3.3437,0.005843,2.0000,4,2.0000,0.0000,2.0000
1,199,16.2153,7.1854,60.30,9555,986089,4927,6.0298,3.3738,0.005843,2.0000,3,2.0000,0.0000,2.0000
1,200,16.3907,7.2950,59.95,9555,867996,4992,5.9951,5.8100,0.005843,2.0000,3,2.0000,0.0000,2.0000
1,201,17.0578,7.1588,59.91,9555,967062,4848,0.0000,10.0566,0.005843,2.0000,3,2.0000,0.0000,2.0000
1,202,16.2971,7.2049,60.08,9555,913956,4750,6.0071,11.8851,0.005843,2.0000,3,2.0000,0.0000,2.0000
1,203,16.9567,7.1066,60.04,9555,927608,4785,6.0041,12.5700,0.005843,2.0000,3,2.0000,0.0000,2.0000
1,204,16.7298,6.8751,59.96,9555,903826,4798,5.9960,25.5512,0.005843,2.0000,3,2.0000,0.0000,2.0000
1,205,16.3785,7.0164,59.85,9555,936012,4782,5.9847,38.6179,0.005843,2.0000,3,2.0000,0.0000,2.0000
1,206,16.9277,7.0687,60.03,9555,914388,4903,6.0033,43.6038,0.005843,2.0000,3,2.0000,0.0000,2.0000
1,207,16.1331,7.1055,60.20,9555,897460,4705,0.0000,37.4333,0.005843,2.0000,2,2.0000,0.0000,2.0000
1,208,17.1806,6.9990,59.92,9555,911540,4806,5.9915,24.1752,0.005843,2.0000,2,2.0000,0.0000,2.0000
1,209,16.6269,7.1240,60.06,9227,914081,4912,6.0061,4.7525,0.005139,2.0000,2,2.0000,0.0000,2.0000
1,210,16.6938,7.1219,42.18,9227,860301,4530,4.2177,0.0000,0.005139,2.0000,2,2.0000,0.0000,2.0000
1,211,16.4215,7.0052,76.64,9227,845367,4334,7.6622,0.0000,0.005139,2.0000,3,2.0000,-0.0500,1.9500
1,212,16.3541,6.7482,62.03,9227,866832,4766,6.2025,0.0000,0.005139,1.9500,3,1.9500,0.0000,1.9500
1,213,23.6918,6.9437,72.65,9227,872471,4772,0.0000,0.0000,0.005139,1.9500,3,1.9500,0.0000,1.9500
1,214,12.9600,6.9059,59.90,9227,843080,4441,5.9902,0.0000,0.005139,1.9500,3,1.9500,0.0000,1.9500
1,215,16.1945,7.1526,59.98,9227,896061,4938,5.9967,0.0000,0.005139,1.9500,2,1.9500,0.0000,1.9500
1,216,13.6967,7.0513,60.20,9227,865343,4778,6.0203,0.0000,0.005139,1.9500,2,1.9500,0.0000,1.9500
1,217,16.7738,6.8096,59.90,9227,853265,4710,5.9900,0.0000,0.005139,1.9500,2,1.9500,0.0000,1.9500
1,218,16.5999,6.7922,60.06,9227,841470,4361,6.0059,0.0000,0.005139,1.9500,2,1.9500,0.0000,1.9500
1,219,16.6805,6.8649,59.84,9227,885006,4759,0.0000,0.0000,0.005139,1.9500,3,1.9500,0.0500,2.0000
1,220,16.6234,6.6263,60.10,9227,882329,4623,6.0106,0.0000,0.005139,2.0000,3,2.0000,0.0000,2.0000
1,221,16.6479,6.7031,59.97,9227,904423,4329,5.9952,0.0000,0.005139,2.0000,3,2.0000,0.0000,2.0000
1,222,16.7921,6.7092,59.62,9227,916488,4547,5.9620,0.0000,0.005139,2.0000,3,2.0000,0.0000,2.0000
1,223,16.5673,6.9612,60.42,9227,901269,4556,6.0419,0.0000,0.005139,2.0000,2,2.0000,0.0000,2.0000
1,224,16.7579,6.7738,58.75,9227,901955,4655,5.8749,0.0000,0.005139,2.0000,2,2.0000,0.0000,2.0000
1,225,16.6792,6.8680,61.43,9227,896098,4481,0.0000,0.0000,0.005139,2.0000,2,2.0000,0.0000,2.0000
1,226,16.7173,6.9263,59.78,9227,854216,4513,5.9799,0.0000,0.005139,2.0000,2,2.0000,0.0000,2.0000
1,227,17.2351,6.8219,60.21,9227,867046,4553,6.0207,0.0000,0.005139,2.0000,2,2.0000,0.0000,2.0000
1,228,15.9033,6.8997,59.92,9227,863388,4404,5.9919,3.3527,0.005139,2.0000,2,2.0000,0.0000,2.0000
1,229,17.2229,6.7891,59.95,9227,877797,4528,5.9954,0.0000,0.005139,2.0000,2,2.0000,0.0000,2.0000
1,230,16.4607,6.9519,60.10,9227,868360,4557,6.0098,0.0000,0.005139,2.0000,2,2.0000,0.0000,2.0000
1,231,16.4112,6.7277,59.87,9227,885152,4370,0.0000,0.0000,0.005139,2.0000,2,2.0000,0.0000,2.0000
1,232,16.6075,6.7942,60.10,9227,849504,4298,6.0101,0.0000,0.005139,2.0000,2,2.0000,0.0000,2.0000
1,233,16.7114,6.5864,60.00,9227,871132,4604,6.0006,0.0000,0.005139,2.0000,2,2.0000,0.0000,2.0000
1,234,16.6284,6.6591,60.11,9227,871237,4329,6.0109,0.0000,0.005139,2.0000,2,2.0000,0.0000,2.0000
1,235,16.8142,6.6816,59.81,9227,857327,4586,5.9813,0.0000,0.005139,2.0000,2,2.0000,0.0000,2.0000
1,236,16.4952,6.6212,60.13,9227,859676,4642,6.0130,0.0000,0.005139,2.0000,2,2.0000,0.0000,2.0000
1,237,16.6341,6.7215,59.85,9227,875200,4620,0.0000,0.0000,0.005139,2.0000,2,2.0000,0.0000,2.0000
1,238,16.8226,6.7738,59.61,9227,887232,4333,5.9616,0.0000,0.005139,2.0000,2,2.0000,0.0000,2.0000
1,239,16.5249,6.5894,60.47,8555,884110,4273,6.0463,0.0000,0.003934,2.0000,2,2.0000,0.0000,2.0000
1,240,16.2772,6.6744,76.98,8555,904671,4375,7.6976,0.0000,0.003934,2.0000,1,2.0000,0.0000,2.0000
1,241,16.6444,6.4471,70.46,8555,880555,4154,7.0460,0.0000,0.003934,2.0000,1,2.0000,0.0000,2.0000
1,242,22.7583,6.8045,59.88,8555,895427,4454,0.0000,0.0000,0.003934,2.0000,1,2.0000,0.0000,2.0000
1,243,12.9171,6.8157,60.21,8555,883108,4501,6.0202,0.0000,0.003934,2.0000,1,2.0000,0.0000,2.0000
1,244,14.2667,6.8045,59.83,8555,898251,4518,5.9843,0.0000,0.003934,2.0000,1,2.0000,0.0000,2.0000
1,245,16.6303,6.8301,60.07,8555,893759,4281,6.0074,0.0000,0.003934,2.0000,1,2.0000,0.0000,2.0000
1,246,16.7377,6.8209,59.75,8555,876749,4162,5.9747,0.0000,0.003934,2.0000,1,2.0000,0.0000,2.0000
1,247,16.5908,6.8096,60.35,8555,907678,4036,6.0346,0.0000,0.003934,2.0000,1,2.0000,0.0000,2.0000
1,248,16.7280,6.7932,59.71,8555,872298,4209,0.0000,0.0000,0.003934,2.0000,0,2.0000,0.0000,2.0000
1,249,16.6569,6.5096,60.22,8555,877579,4112,6.0167,0.0000,0.003934,2.0000,0,2.0000,0.0000,2.0000
1,250,16.6395,6.6488,59.84,8555,869231,4136,5.9846,0.0000,0.003934,2.0000,0,2.0000,0.0000,2.0000
1,251,16.6741,6.3734,60.00,8555,849801,4116,5.9999,0.0000,0.003934,2.0000,0,2.0000,0.0000,2.0000
1,252,16.6894,6.4348,59.81,8555,858203,4224,5.9811,0.0000,0.003934,2.0000,0,2.0000,0.0000,2.0000
1,253,16.6276,6.5884,59.60,8555,851086,4218,5.9596,0.0000,0.003934,2.0000,0,2.0000,0.0000,2.0000
1,254,16.6643,6.4430,60.62,8555,850698,4139,0.0000,0.0000,0.003934,2.0000,0,2.0000,0.0000,2.0000
1,255,16.9406,6.5300,60.03,8555,851781,4323,6.0033,0.0000,0.003934,2.0000,0,2.0000,0.0000,2.0000
1,256,16.8825,6.7072,60.06,8555,861030,4160,6.0057,0.0000,0.003934,2.0000,0,2.0000,0.0000,2.0000
1,257,16.1767,6.4369,59.98,8555,865882,4274,5.9979,0.0000,0.003934,2.0000,0,2.0000,0.0000,2.0000
1,258,16.7549,6.3427,60.00,8555,847157,4017,6.0001,0.0000,0.003934,2.0000,0,2.0000,0.0000,2.0000
1,259,16.5522,6.3201,60.15,8555,865435,3986,6.0148,0.0000,0.003934,2.0000,0,2.0000,0.0000,2.0000
1,260,16.7476,6.3109,59.79,8555,856589,4025,0.0000,0.0000,0.003934,2.0000,0,2.0000,0.0000,2.0000
1,261,16.5906,6.2669,60.18,8555,825032,3944,6.0176,0.0000,0.003934,2.0000,0,2.0000,0.0000,2.0000
1,262,16.7020,6.3826,59.96,8555,824242,4063,5.9903,0.0000,0.003934,2.0000,0,2.0000,0.0000,2.0000
1,263,16.6494,6.3160,60.09,8555,836214,4194,6.0077,0.0000,0.003934,2.0000,0,2.0000,0.0000,2.0000
1,264,16.6880,6.3621,59.92,8555,820251,3968,5.9920,0.0000,0.003934,2.0000,0,2.0000,0.0000,2.0000
1,265,16.6053,6.1737,59.96,8555,831800,4039,5.9963,0.0000,0.003934,2.0000,0,2.0000,0.0000,2.0000
1,266,16.7156,6.3334,60.01,8555,808546,4035,0.0000,0.0000,0.003934,2.0000,0,2.0000,0.0000,2.0000
1,267,16.6134,6.3498,59.96,8555,772233,4000,5.9953,0.0000,0.003934,2.0000,0,2.0000,0.0000,2.0000
1,268,16.7962,6.1286,59.96,7919,820189,3904,5.9961,0.0000,0.004957,2.0000,0,2.0000,0.0000,2.0000
1,269,16.7760,6.1553,80.47,7919,790298,4084,8.0466,0.0000,0.004957,2.0000,0,2.0000,0.0000,2.0000
1,270,16.5851,5.9085,59.66,7919,809893,3889,5.9662,0.0000,0.004957,2.0000,0,2.0000,0.0000,2.0000
1,271,22.3180,6.2249,59.95,7919,802080,4106,0.0000,0.0000,0.004957,2.0000,0,2.0000,0.0000,2.0000
1,272,12.2803,6.2208,60.10,7919,776710,3868,6.0101,0.0000,0.004957,2.0000,0,2.0000,0.0000,2.0000
1,273,16.8346,6.4164,59.97,7919,776964,3967,5.9969,0.0000,0.004957,2.0000,0,2.0000,0.0000,2.0000
1,274,16.6222,6.3396,60.03,7919,770495,3829,2.3981,0.0000,0.004957,2.0000,0,2.0000,0.0000,2.0000
1,275,16.7034,6.1420,59.88,7919,759197,4040,0.0000,0.0000,0.004957,2.0000,0,2.0000,0.0000,2.0000
1,276,16.9246,6.2239,60.23,7919,746067,3819,0.0000,0.0000,0.004957,2.0000,0,2.0000,0.0000,2.0000
1,277,16.6755,6.1000,59.87,7919,779076,3999,0.0000,0.0000,0.004957,2.0000,0,2.0000,0.0000,2.0000
1,278,16.3587,6.0682,59.78,7919,783268,4053,0.0000,0.0000,0.004957,2.0000,0,2.0000,0.0000,2.0000
1,279,16.6018,6.0795,60.23,7919,750744,3764,0.0000,0.0000,0.004957,2.0000,0,2.0000,0.0000,2.0000
1,280,16.7028,6.2116,59.97,7919,735581,3953,0.0000,0.0000,0.004957,2.0000,0,2.0000,0.0000,2.0000
1,281,16.7388,6.0314,59.90,7919,756935,3746,0.0000,0.0000,0.004957,2.0000,0,2.0000,0.0000,2.0000
1,282,16.5953,6.2095,60.03,7919,755345,3919,0.0000,0.0000,0.004957,2.0000,0,2.0000,0.0000,2.0000
1,283,16.6683,6.1481,60.16,7919,756284,3917,0.0000,0.0000,0.004957,2.0000,0,2.0000,0.0000,2.0000
1,284,16.7047,6.1020,59.81,7919,780706,3999,0.0000,0.0000,0.004957,2.0000,0,2.0000,0.0000,2.0000
1,285,16.6527,6.1256,59.99,7919,773063,4039,0.0000,0.0000,0.004957,2.0000,0,2.0000,0.0000,2.0000
1,286,16.6196,6.2863,60.20,7919,776809,3933,0.0000,0.0000,0.004957,2.0000,0,2.0000,0.0000,2.0000
1,287,16.7214,6.0529,59.81,7919,781495,4036,0.0000,0.0000,0.004957,2.0000,0,2.0000,0.0000,2.0000
1,288,16.6727,5.9034,60.21,7919,751895,3575,0.0000,0.0000,0.004957,2.0000,0,2.0000,0.0000,2.0000
1,289,16.6103,5.8040,59.85,7919,777537,3953,0.0000,0.0000,0.004957,2.0000,0,2.0000,0.0000,2.0000
1,290,16.7197,5.8204,59.99,7919,760871,3903,0.0000,0.0000,0.004957,2.0000,0,2.0000,0.0000,2.0000
1,291,16.6038,5.8307,60.01,7919,756629,3825,0.0000,0.0000,0.004957,2.0000,0,2.0000,0.0000,2.0000
1,292,16.7069,5.7569,60.09,7919,779137,3877,0.0000,0.0000,0.004957,2.0000,0,2.0000,0.0000,2.0000
1,293,16.6702,5.9392,59.75,7919,757213,3791,0.0000,0.0000,0.004957,2.0000,0,2.0000,0.0000,2.0000
1,294,16.6622,5.8624,60.12,7919,772337,3928,0.0000,0.0000,0.004957,2.0000,0,2.0000,0.0000,2.0000
1,295,16.6390,5.8952,53.36,7919,745326,3818,0.0000,0.0000,0.004957,2.0000,0,2.0000,0.0000,2.0000
1,296,16.7483,5.8716,68.48,7919,752884,3862,0.0000,0.0000,0.004957,2.0000,0,2.0000,0.0000,2.0000
1,297,16.7000,5.7702,60.11,7775,761215,3648,0.0000,0.0000,0.005091,2.0000,0,2.0000,0.0000,2.0000
1,298,12.5363,5.5398,82.45,7775,776308,3954,0.0000,0.0000,0.005091,2.0000,0,2.0000,0.0000,2.0000
1,299,16.6391,5.5747,59.39,7775,741423,3764,0.0000,0.0000,0.005091,2.0000,0,2.0000,0.0000,2.0000
1,300,22.0848,5.7682,60.29,7775,779509,3697,0.0000,0.0000,0.005091,2.0000,0,2.0000,0.0000,2.0000
1,301,12.1389,5.7098,59.94,7775,741312,3787,0.0000,0.0000,0.005091,2.0000,0,2.0000,0.0000,2.0000
1,302,16.8507,5.6013,60.12,7775,763300,3656,0.0000,0.0000,0.005091,2.0000,0,2.0000,0.0000,2.0000
1,303,16.6160,5.7702,59.96,7775,759541,3722,0.0000,0.0000,0.005091,2.0000,0,2.0000,0.0000,2.0000
1,304,16.6486,5.6412,60.05,7775,757459,3858,0.0000,0.0000,0.005091,2.0000,0,2.0000,0.0000,2.0000
1,305,16.6328,5.6852,59.95,7775,776949,3759,0.0000,0.0000,0.005091,2.0000,0,2.0000,0.0000,2.0000
1,306,16.6793,5.6627,60.10,7775,782579,3737,0.0000,0.0000,0.005091,2.0000,0,2.0000,0.0000,2.0000
1,307,16.6501,5.7539,59.71,7775,750883,3458,0.0000,0.0000,0.005091,2.0000,0,2.0000,0.0000,2.0000
1,308,16.6829,5.5368,59.62,7775,748205,3748,0.0000,0.0000,0.005091,2.0000,0,2.0000,0.0000,2.0000
1,309,16.6369,5.6873,59.57,7775,756061,3452,0.0000,0.0000,0.005091,2.0000,0,2.0000,0.0000,2.0000
1,310,16.7501,5.6637,59.87,7775,768263,3348,0.0000,0.0000,0.005091,2.0000,0,2.0000,0.0000,2.0000
1,311,17.1980,5.6986,61.24,7775,746731,3438,0.0000,0.0000,0.005091,2.0000,0,2.0000,0.0000,2.0000
1,312,16.3603,5.7016,57.04,7775,735132,3393,0.0000,0.0000,0.005091,2.0000,0,2.0000,0.0000,2.0000
1,313,17.1841,5.5265,61.28,7775,746099,3647,0.0000,0.0000,0.005091,2.0000,0,2.0000,0.0000,2.0000
1,314,16.0158,5.5224,61.38,7775,765373,3785,0.0000,0.0000,0.005091,2.0000,0,2.0000,0.0000,2.0000
1,315,25.0616,5.5439,58.89,7775,784403,3922,0.0000,0.0000,0.005091,2.0000,0,2.0000,0.0000,2.0000
1,316,8.6151,5.4641,61.48,7775,763993,3501,0.0000,0.0000,0.005091,2.0000,0,2.0000,0.0000,2.0000
1,317,16.3015,5.5132,60.10,7775,723738,3454,0.0000,0.0000,0.005091,2.0000,0,2.0000,0.0000,2.0000
1,318,18.1940,5.5654,59.93,7775,761337,3502,0.0000,0.0000,0.005091,2.0000,0,2.0000,0.0000,2.0000
1,319,15.0469,5.5675,59.91,7775,740933,3354,0.0000,0.0000,0.005091,2.0000,0,2.0000,0.0000,2.0000
1,320,16.8564,5.5992,60.11,7775,766215,3522,0.0000,0.0000,0.005091,2.0000,0,2.0000,0.0000,2.0000
1,321,16.4683,5.5450,60.03,7775,743143,3800,0.0000,0.0000,0.005091,2.0000,0,2.0000,0.0000,2.0000
1,322,16.6932,5.5890,60.19,7775,752775,3385,0.0000,0.0000,0.005091,2.0000,0,2.0000,0.0000,2.0000
1,323,16.6474,5.6300,59.78,7775,706132,3030,0.0000,0.0000,0.005091,2.0000,0,2.0000,0.0000,2.0000
1,324,16.6493,5.5777,60.04,7775,780409,3905,0.0000,0.0000,0.005091,2.0000,0,2.0000,0.0000,2.0000
1,325,16.6099,5.6863,59.95,7775,756859,3834,0.0000,0.0000,0.005091,2.0000,0,2.0000,0.0000,2.0000
1,326,16.7236,5.6812,59.92,7775,778963,3823,0.0000,0.0000,0.005091,2.0000,0,2.0000,0.0000,2.0000
1,327,16.6873,5.5532,83.70,7775,748672,3345,0.0000,0.0000,0.005091,2.0000,0,2.0000,0.0000,2.0000
1,328,16.6934,5.3760,68.70,7775,727329,3508,0.0000,0.0000,0.005091,2.0000,0,2.0000,0.0000,2.0000
1,329,23.4162,5.7252,59.98,7775,751913,3831,0.0000,0.0000,0.005091,2.0000,0,2.0000,0.0000,2.0000
1,330,11.9559,5.6320,60.02,7775,735588,3757,0.0000,0.0000,0.005091,2.0000,0,2.0000,0.0000,2.0000
1,331,14.5595,5.6617,59.72,7775,726590,3318,0.0000,0.0000,0.005091,2.0000,0,2.0000,0.0000,2.0000
1,332,16.6795,5.6248,60.28,7775,767833,3927,0.0000,0.0000,0.005091,2.0000,0,2.0000,0.0000,2.0000
1,333,16.6586,5.6883,59.99,7775,772723,3769,0.0000,0.0000,0.005091,2.0000,0,2.0000,0.0000,2.0000
1,334,16.7508,5.7426,60.00,7775,769744,3556,0.0000,0.0000,0.005091,2.0000,0,2.0000,0.0000,2.0000
1,335,16.5838,5.7610,60.13,7775,737844,3584,0.0000,0.0000,0.005091,2.0000,0,2.0000,0.0000,2.0000
1,336,16.6779,5.8153,59.92,7775,737489,3802,0.0000,0.0000,0.005091,2.0000,0,2.0000,0.0000,2.0000
1,337,16.6617,5.7446,60.04,7775,748431,3723,0.0000,0.0000,0.005091,2.0000,0,2.0000,0.0000,2.0000
1,338,16.6292,5.6422,59.79,7775,755152,3731,0.0000,0.0000,0.005091,2.0000,0,2.0000,0.0000,2.0000
1,339,16.6899,5.6484,60.12,7775,764036,3498,0.0000,0.0000,0.005091,2.0000,0,2.0000,0.0000,2.0000
1,340,16.6549,5.5265,60.12,7775,771245,3844,0.0000,0.0000,0.005091,2.0000,0,2.0000,0.0000,2.0000
1,341,16.7213,5.7098,59.87,7775,760783,3791,0.0000,0.0000,0.005091,2.0000,0,2.0000,0.0000,2.0000
1,342,16.6305,5.6402,59.87,7775,754430,3864,0.0000,0.0000,0.005091,2.0000,0,2.0000,0.0000,2.0000
1,343,16.6379,5.7006,60.22,7775,751686,3522,0.0000,0.0000,0.005091,2.0000,0,2.0000,0.0000,2.0000
1,344,16.6998,5.5368,59.93,7775,780732,3848,0.0000,0.0000,0.005091,2.0000,0,2.0000,0.0000,2.0000
1,345,16.7000,5.5624,60.04,7775,765158,3643,2.4019,0.0000,0.005091,2.0000,0,2.0000,0.0000,2.0000
1,346,16.6075,5.6627,59.96,7775,781663,3657,2.3984,21.4819,0.005091,2.0000,0,2.0000,0.0000,2.0000
1,347,17.2270,5.5409,59.94,7775,783805,3685,0.0000,64.7711,0.005091,2.0000,0,2.0000,0.0000,2.0000
1,348,16.6591,5.6279,60.05,7775,810889,3956,2.4020,113.1944,0.005091,2.0000,0,2.0000,0.0000,2.0000
1,349,16.5844,5.6453,59.99,7775,784539,3825,2.4001,140.2052,0.005091,2.0000,0,2.0000,0.0000,2.0000
1,350,16.4938,5.7569,59.84,7775,811372,3863,2.3940,160.3257,0.005091,2.0000,0,2.0000,0.0000,2.0000
1,351,16.8856,6.0447,60.42,7775,803078,3863,2.4166,128.1519,0.005091,2.0000,0,2.0000,0.0000,2.0000
1,352,16.9650,5.8911,59.60,7775,843922,4203,2.3842,97.7424,0.005091,2.0000,0,2.0000,0.0000,2.0000
1,353,16.5695,5.9802,59.84,7775,855549,4180,0.0000,61.0049,0.005091,2.0000,0,2.0000,0.0000,2.0000
1,354,16.4302,5.7610,60.39,7775,810882,3945,2.4161,39.8379,0.005091,2.0000,0,2.0000,0.0000,2.0000
1,355,16.6611,6.0201,59.93,8804,775788,3807,2.3997,13.2019,0.003747,2.0000,0,2.0000,0.0000,2.0000
1,356,19.4343,5.9218,37.42,8804,831895,3965,1.4915,8.2439,0.003747,2.0000,0,2.0000,0.0000,2.0000
1,357,14.1835,6.1164,42.91,8804,841146,4125,3.4340,0.0000,0.003747,2.0000,1,2.0000,-0.0500,1.9500
1,358,17.3051,5.8737,89.08,8804,850697,3976,0.0000,0.0000,0.003747,1.9500,1,1.9500,0.0000,1.9500
1,359,25.7096,6.2444,98.75,8804,838398,4017,3.9502,0.0000,0.003747,1.9500,1,1.9500,0.0000,1.9500
1,360,22.9386,5.9617,58.23,8804,834570,4015,2.3309,0.0000,0.003747,1.9500,1,1.9500,0.0000,1.9500
1,361,11.2248,6.0426,87.65,8804,848052,4115,0.0000,0.0000,0.003747,1.9500,1,1.9500,0.0000,1.9500
1,362,10.1266,6.0692,39.47,8804,808730,3958,1.5783,0.0000,0.003747,1.9500,1,1.9500,0.0000,1.9500
1,363,17.1965,6.3939,113.53,8804,846045,4026,11.3533,0.0000,0.003747,1.9500,1,1.9500,0.0000,1.9500
1,364,11.3808,6.1583,62.94,8804,828366,4092,6.2955,0.0000,0.003747,1.9500,1,1.9500,0.0000,1.9500
1,365,25.4444,5.9587,60.10,8804,825358,3675,0.0000,9.8049,0.003747,1.9500,2,1.9500,0.0500,2.0000
1,366,8.7223,6.1225,59.80,8804,806124,3858,5.9814,26.4522,0.003747,2.0000,2,2.0000,0.0000,2.0000
1,367,16.2578,6.0754,60.28,8804,822565,3809,6.0254,27.8141,0.003747,2.0000,2,2.0000,0.0000,2.0000
1,368,16.6255,6.1788,59.91,8804,843606,4206,5.9915,22.7351,0.003747,2.0000,2,2.0000,0.0000,2.0000
1,369,16.9832,6.1737,59.95,8804,859734,4133,5.9885,27.6599,0.003747,2.0000,2,2.0000,0.0000,2.0000
1,370,16.5295,5.9843,59.89,8804,812871,4033,5.9887,28.8247,0.003747,2.0000,2,2.0000,0.0000,2.0000
1,371,16.5326,6.3099,59.42,8804,870243,4459,0.0000,26.1794,0.003747,2.0000,2,2.0000,0.0000,2.0000
1,372,16.4765,5.9771,59.35,8804,873650,4495,5.9350,24.9633,0.003747,2.0000,2,2.0000,0.0000,2.0000
1,373,17.0563,6.1993,60.94,8804,864991,4499,6.0945,29.3337,0.003747,2.0000,2,2.0000,0.0000,2.0000
1,374,18.3078,5.9648,59.38,8804,870794,4325,5.9380,11.9795,0.003747,2.0000,2,2.0000,0.0000,2.0000
1,375,22.5011,6.2597,44.38,8804,895400,4519,4.4376,22.2095,0.003747,2.0000,2,2.0000,0.0000,2.0000
1,376,10.1366,6.0641,78.78,8804,904001,4356,7.8778,10.7969,0.003747,2.0000,2,2.0000,0.0000,2.0000
1,377,31.5371,6.1532,68.05,8804,915527,3357,0.0000,10.4275,0.003747,2.0000,2,2.0000,0.0000,2.0000
1,378,8.0686,6.2833,60.70,8804,916290,4402,6.0702,13.1544,0.003747,2.0000,2,2.0000,0.0000,2.0000
1,379,11.7608,6.3252,59.35,8804,880595,4153,5.9353,8.4670,0.003747,2.0000,2,2.0000,0.0000,2.0000
1,380,20.3605,6.5741,60.70,8804,911398,4219,6.0696,19.5093,0.003747,2.0000,2,2.0000,0.0000,2.0000
1,381,10.6984,6.3007,60.00,8804,912128,4497,6.0003,10.0719,0.003747,2.0000,2,2.0000,0.0000,2.0000
1,382,23.5039,6.6898,59.98,8804,902089,4386,5.9977,19.9955,0.003747,2.0000,2,2.0000,0.0000,2.0000
1,383,9.6994,6.3150,59.82,8804,908482,4410,0.0000,17.2310,0.003747,2.0000,2,2.0000,0.0000,2.0000
1,384,16.7136,6.3109,60.36,8804,893097,4133,6.0356,18.8027,0.003747,2.0000,2,2.0000,0.0000,2.0000
1,385,16.5966,6.4993,59.82,8074,906905,4436,5.9816,16.0514,0.004962,2.0000,2,2.0000,0.0000,2.0000
1,386,16.9570,6.7492,40.75,8074,906341,3447,4.0756,14.6885,0.004962,2.0000,2,2.0000,0.0000,2.0000
1,387,16.6499,6.4635,38.56,8074,921135,4426,7.7119,27.2482,0.004962,2.0000,2,2.0000,-0.0500,1.9500
1,388,16.8815,6.5843,93.74,8074,920229,4463,0.0000,66.2407,0.004962,1.9500,2,1.9500,0.0000,1.9500
1,389,24.4530,6.5976,72.71,8074,910709,4391,7.2721,15.7575,0.004962,1.9500,2,1.9500,0.0000,1.9500
1,390,27.7879,6.7461,55.18,8074,892979,4425,5.5183,65.8267,0.004962,1.9500,2,1.9500,0.0000,1.9500
1,391,8.2548,6.5669,71.27,8074,918383,4510,0.0000,26.4531,0.004962,1.9500,2,1.9500,0.0000,1.9500
1,392,26.5061,6.2812,85.94,8074,894321,4266,8.5942,73.7166,0.004962,1.9500,2,1.9500,0.0000,1.9500
1,393,5.7988,6.4297,50.95,8074,878565,4331,5.0955,39.5053,0.004962,1.9500,2,1.9500,0.0000,1.9500
1,394,13.4295,6.5331,85.97,8074,849633,4175,8.5975,86.6494,0.004962,1.9500,2,1.9500,0.0000,1.9500
1,395,11.7064,6.5034,47.31,8074,858319,4208,4.7315,17.8562,0.004962,1.9500,2,1.9500,0.0500,2.0000
1,396,19.9822,6.9652,81.74,8074,854499,4194,0.0000,7.2319,0.004962,2.0000,2,2.0000,0.0000,2.0000
1,397,11.8814,6.4328,43.26,8074,876222,4224,4.3263,0.0000,0.004962,2.0000,2,2.0000,0.0000,2.0000
1,398,20.9296,6.5966,97.98,8074,868912,4207,9.7976,0.0000,0.004962,2.0000,2,2.0000,0.0000,2.0000
1,399,11.6885,6.4000,60.45,8074,845410,4120,6.0461,0.0000,0.004962,2.0000,2,2.0000,0.0000,2.0000
1,400,23.0516,6.5464,55.15,8074,875626,4117,5.5153,0.0000,0.004962,2.0000,2,2.0000,0.0000,2.0000
1,401,10.2766,6.1788,65.16,8074,879679,4191,0.0000,0.0000,0.004962,2.0000,2,2.0000,0.0000,2.0000
1,402,16.4710,6.8270,60.19,8074,894451,4160,6.0188,0.0000,0.004962,2.0000,2,2.0000,0.0000,2.0000
1,403,18.2527,6.6642,59.88,8074,888768,4166,5.9865,0.0000,0.004962,2.0000,2,2.0000,0.0000,2.0000
1,404,15.2330,6.5679,60.24,8074,882640,4136,6.0288,0.0000,0.004962,2.0000,2,2.0000,0.0000,2.0000
1,405,16.6130,6.4594,59.73,8074,890201,4182,5.9730,0.0000,0.004962,2.0000,2,2.0000,0.0000,2.0000
1,406,16.8101,6.5987,60.07,8074,864526,4114,6.0052,0.0000,0.004962,2.0000,2,2.0000,0.0000,2.0000
1,407,16.4893,6.2781,59.95,8074,899434,4160,0.0000,0.0000,0.004962,2.0000,2,2.0000,0.0000,2.0000
1,408,16.8470,6.7840,60.18,8074,887392,4184,6.0167,0.0000,0.004962,2.0000,2,2.0000,0.0000,2.0000
1,409,16.5378,6.4031,59.90,8074,895515,4145,5.9865,0.0000,0.004962,2.0000,2,2.0000,0.0000,2.0000
1,410,16.8013,6.2054,60.08,8074,916766,4045,6.0079,0.0000,0.004962,2.0000,2,2.0000,0.0000,2.0000
1,411,16.5021,6.6642,59.60,8074,901528,4086,5.9600,0.0000,0.004962,2.0000,2,2.0000,0.0000,2.0000
1,412,16.8045,6.6580,60.50,8074,905442,4026,6.0493,0.0000,0.004962,2.0000,2,2.0000,0.0000,2.0000
1,413,16.6330,6.4594,59.74,8074,926602,4163,0.0000,0.0000,0.004962,2.0000,2,2.0000,0.0000,2.0000
1,414,16.6848,6.5976,59.94,8074,914403,4034,5.9968,0.0000,0.004962,2.0000,2,2.0000,0.0000,2.0000
1,415,16.6148,6.7072,60.11,6971,962991,4192,6.0113,0.0000,0.004475,2.0000,2,2.0000,0.0000,2.0000
1,416,16.8077,6.4328,76.36,6971,953341,4055,7.6345,0.0000,0.004475,2.0000,1,2.0000,0.0000,2.0000
1,417,16.5124,6.4031,62.80,6971,930559,4043,6.2776,0.0000,0.004475,2.0000,1,2.0000,0.0000,2.0000
1,418,23.3605,6.6744,69.62,6971,947138,4156,0.0000,0.0000,0.004475,2.0000,1,2.0000,0.0000,2.0000
1,419,13.0162,6.9356,60.15,6971,912042,4014,6.0149,0.0000,0.004475,2.0000,1,2.0000,0.0000,2.0000
1,420,16.0327,6.5956,59.79,6971,935971,4021,5.9795,0.0000,0.004475,2.0000,1,2.0000,0.0000,2.0000
1,421,14.2596,6.7113,59.70,6971,931484,4035,5.9703,0.0000,0.004475,2.0000,1,2.0000,0.0000,2.0000
1,422,16.6280,6.8966,60.12,6971,906716,4049,6.0119,0.0000,0.004475,2.0000,1,2.0000,0.0000,2.0000
1,423,16.8764,6.9427,59.96,6971,909445,4112,5.9958,0.0000,0.004475,2.0000,1,2.0000,0.0000,2.0000
1,424,16.6255,6.4154,60.05,6971,933555,4045,0.0000,0.0000,0.004475,2.0000,0,2.0000,0.0000,2.0000
1,425,16.7545,6.4717,59.92,6971,914423,3994,5.9918,0.0000,0.004475,2.0000,0,2.0000,0.0000,2.0000
1,426,16.6630,6.7277,60.32,6971,893584,3939,6.0324,0.0000,0.004475,2.0000,0,2.0000,0.0000,2.0000
1,427,16.5195,6.6601,59.99,6971,878257,3814,5.9987,0.0000,0.004475,2.0000,0,2.0000,0.0000,2.0000
1,428,16.7718,6.6437,59.96,6971,890551,3947,5.9965,0.0000,0.004475,2.0000,0,2.0000,0.0000,2.0000
1,429,16.4968,6.5300,59.95,6971,896719,3913,5.9944,0.0000,0.004475,2.0000,0,2.0000,0.0000,2.0000
1,430,16.9007,6.7000,60.09,6971,873548,3890,0.0000,0.0000,0.004475,2.0000,0,2.0000,0.0000,2.0000
1,431,16.4401,6.4911,60.22,6971,862778,3634,6.0217,0.0000,0.004475,2.0000,0,2.0000,0.0000,2.0000
1,432,16.8176,6.5300,59.81,6971,884272,3874,5.9811,0.0000,0.004475,2.0000,0,2.0000,0.0000,2.0000
1,433,16.5123,6.2525,59.98,6971,892740,3857,5.9985,0.0000,0.004475,2.0000,0,2.0000,0.0000,2.0000
1,434,16.7275,6.5751,60.01,6971,877600,3845,6.0006,0.0000,0.004475,2.0000,0,2.0000,0.0000,2.0000
1,435,16.5951,6.6570,59.36,6971,879489,3793,5.9357,0.0000,0.004475,2.0000,0,2.0000,0.0000,2.0000
1,436,16.6705,6.5987,60.71,6971,871093,3831,0.0000,0.0000,0.004475,2.0000,0,2.0000,0.0000,2.0000
1,437,16.7804,6.4553,60.06,6971,860356,3658,6.0057,0.0000,0.004475,2.0000,0,2.0000,0.0000,2.0000
1,438,16.9990,6.4061,59.98,6971,856477,3697,5.9985,0.0000,0.004475,2.0000,0,2.0000,0.0000,2.0000
1,439,16.2102,6.5751,59.89,6971,861764,3807,5.9893,0.0000,0.004475,2.0000,0,2.0000,0.0000,2.0000
1,440,16.7946,6.4430,59.83,6971,829752,3676,5.9828,0.0000,0.004475,2.0000,0,2.0000,0.0000,2.0000
1,441,16.5249,6.4010,60.41,6971,807461,3690,6.0415,0.0000,0.004475,2.0000,0,2.0000,0.0000,2.0000
1,442,17.0848,6.4604,59.77,6971,853132,3770,0.0000,0.0000,0.004475,2.0000,0,2.0000,0.0000,2.0000
1,443,16.3253,6.6263,60.13,6971,813363,3648,6.0120,26.4902,0.004475,2.0000,0,2.0000,0.0000,2.0000
1,444,16.6928,6.9775,59.97,6205,837720,3602,5.9963,73.9378,0.006525,2.0000,0,2.0000,0.0000,2.0000
1,445,17.1440,6.5628,38.70,6205,862770,3539,3.8699,113.6901,0.006525,2.0000,0,2.0000,0.0000,2.0000
1,446,17.0808,6.7041,41.26,6205,828848,3466,8.2522,345.9376,0.006525,2.0000,1,2.0000,-0.0500,1.9500
1,447,15.7118,6.3519,87.58,6205,770196,3056,0.0000,884.7831,0.006525,1.9500,1,1.9500,0.0000,1.9500
1,448,26.2846,6.4911,145.55,6205,708701,2831,14.5556,729.8384,0.006525,1.9500,1,1.9500,0.0000,1.9500
1,449,24.2474,6.2996,44.31,6205,703208,2718,4.4304,98.0564,0.006525,1.9500,1,1.9500,0.0000,1.9500
1,450,11.5124,5.9331,96.90,6205,691860,2786,0.0000,516.4330,0.006525,1.9500,1,1.9500,0.0000,1.9500
1,451,6.4520,6.0559,39.71,6205,660292,2642,3.9710,21.9954,0.006525,1.9500,1,1.9500,0.0000,1.9500
1,452,22.5961,5.8665,113.72,6205,660312,2638,11.3718,23.8073,0.006525,1.9500,1,1.9500,0.0000,1.9500
1,453,10.5341,5.9474,62.61,6205,640510,2620,6.2609,9.9080,0.006525,1.9500,1,1.9500,0.0000,1.9500
1,454,25.7943,5.6607,60.04,6205,637243,2593,6.0042,22.7853,0.006525,1.9500,2,1.9500,0.0500,2.0000
1,455,8.1012,5.6586,60.09,6205,618048,2513,0.0000,26.5806,0.006525,2.0000,2,2.0000,0.0000,2.0000
1,456,16.5091,5.9515,59.80,6205,642880,2614,5.9798,45.4494,0.006525,2.0000,2,2.0000,0.0000,2.0000
1,457,16.4366,5.7272,59.94,6205,606657,2550,5.9936,27.2448,0.006525,2.0000,2,2.0000,0.0000,2.0000
1,458,16.6170,5.9587,59.94,6205,587255,2516,5.9937,0.0000,0.006525,2.0000,2,2.0000,0.0000,2.0000
1,459,16.6276,5.7231,60.15,6205,602789,2493,6.0146,0.0000,0.006525,2.0000,2,2.0000,0.0000,2.0000
1,460,16.2620,5.8399,60.04,6205,609273,2502,6.0041,4.1145,0.006525,2.0000,2,2.0000,0.0000,2.0000
1,461,16.5775,5.5951,59.83,6205,601477,2523,0.0000,20.9077,0.006525,2.0000,2,2.0000,0.0000,2.0000
1,462,17.0676,5.6730,59.62,6205,597532,2449,5.9620,19.8761,0.006525,2.0000,2,2.0000,0.0000,2.0000
1,463,16.3926,5.8644,60.35,6205,581987,2438,6.0348,17.5454,0.006525,2.0000,2,2.0000,0.0000,2.0000
1,464,16.9667,5.8112,60.19,6205,604068,2517,6.0189,13.2590,0.006525,2.0000,2,2.0000,0.0000,2.0000
1,465,16.9799,5.7580,59.84,6205,600932,2507,5.9843,10.5887,0.006525,2.0000,2,2.0000,0.0000,2.0000
1,466,16.7281,5.8604,59.84,6205,581743,2488,5.9842,9.4705,0.006525,2.0000,2,2.0000,0.0000,2.0000
1,467,16.4421,5.8245,60.34,6205,601413,2484,0.0000,10.4061,0.006525,2.0000,2,2.0000,0.0000,2.0000
1,468,16.9628,5.6084,59.85,6205,595500,2441,5.9849,5.2948,0.006525,2.0000,2,2.0000,0.0000,2.0000
1,469,16.0496,5.6422,59.98,6205,566628,2389,5.9982,0.0000,0.006525,2.0000,2,2.0000,0.0000,2.0000
1,470,17.0144,5.8122,60.16,6205,587781,2429,6.0159,5.8300,0.006525,2.0000,2,2.0000,0.0000,2.0000
1,471,16.5050,5.6965,60.02,6205,576303,2444,6.0016,18.6972,0.006525,2.0000,2,2.0000,0.0000,2.0000
1,472,16.4995,5.7805,59.87,6205,569138,2448,5.9869,29.5853,0.006525,2.0000,2,2.0000,0.0000,2.0000
1,473,16.7169,5.5767,59.80,6205,580063,2450,0.0000,32.7849,0.006525,2.0000,2,2.0000,0.0000,2.0000
1,474,17.2730,6.0170,59.80,4219,569131,2433,5.9803,35.9616,0.009986,2.0000,2,2.0000,0.0000,2.0000
1,475,16.1926,6.0426,43.58,4219,583452,2493,4.3578,25.2809,0.009986,2.0000,2,2.0000,0.0000,2.0000
1,476,17.1763,6.0672,76.60,4219,588903,2501,7.6603,52.0550,0.009986,2.0000,2,2.0000,-0.0500,1.9500
1,477,16.7761,6.1174,71.61,4219,601737,2465,7.1611,23.1907,0.009986,1.9500,2,1.9500,0.0000,1.9500
1,478,22.0891,6.0908,60.28,4219,595828,2524,6.0259,15.4552,0.009986,1.9500,2,1.9500,0.0000,1.9500
1,479,13.6379,6.1747,59.97,4219,608500,2511,0.0000,13.2107,0.009986,1.9500,2,1.9500,0.0000,1.9500
1,480,14.0425,6.1952,59.77,4219,597674,2477,5.9737,12.0576,0.009986,1.9500,2,1.9500,0.0000,1.9500
1,481,16.5946,5.8747,60.43,4219,590212,2443,6.0431,10.6925,0.009986,1.9500,2,1.9500,0.0000,1.9500
1,482,16.8036,5.9494,59.96,4219,581402,2410,6.0665,7.5022,0.009986,1.9500,2,1.9500,0.0000,1.9500
1,483,16.6359,6.0017,60.10,4219,586750,2462,5.8869,3.3627,0.009986,1.9500,2,1.9500,0.0000,1.9500
1,484,16.6932,5.8552,59.77,4219,596883,2435,5.9453,0.0000,0.009986,1.9500,2,1.9500,0.0500,2.0000
1,485,15.9020,5.7897,59.91,4219,574181,2388,0.0000,0.0000,0.009986,2.0000,2,2.0000,0.0000,2.0000
1,486,17.1848,5.8276,59.45,4219,593609,2443,5.9383,0.0000,0.009986,2.0000,2,2.0000,0.0000,2.0000
1,487,15.9920,5.7231,60.77,4219,575788,2422,5.9732,0.0000,0.009986,2.0000,2,2.0000,0.0000,2.0000
1,488,16.8163,6.1000,59.76,4219,609986,2436,5.9262,0.0000,0.009986,2.0000,2,2.0000,0.0000,2.0000
1,489,18.7547,5.8737,60.30,4219,596112,2395,6.0335,0.0000,0.009986,2.0000,2,2.0000,0.0000,2.0000
1,490,14.3962,5.9218,59.86,4219,597814,2397,6.0440,3.3495,0.009986,2.0000,2,2.0000,0.0000,2.0000
1,491,16.8605,6.0600,60.12,4219,613328,2393,0.0000,0.0000,0.009986,2.0000,2,2.0000,0.0000,2.0000
1,492,17.0735,5.9105,59.85,4219,587630,2356,6.1021,0.0000,0.009986,2.0000,2,2.0000,0.0000,2.0000
1,493,16.2346,5.6044,60.07,4219,593706,2385,5.8222,0.0000,0.009986,2.0000,2,2.0000,0.0000,2.0000
1,494,16.4870,5.9023,60.18,4219,607022,2335,6.0181,0.0000,0.009986,2.0000,2,2.0000,0.0000,2.0000
1,495,16.8361,5.8900,60.00,4219,599988,2338,5.9995,0.0000,0.009986,2.0000,2,2.0000,0.0000,2.0000
1,496,16.5201,5.9986,59.77,4219,570487,2299,5.9766,0.0000,0.009986,2.0000,2,2.0000,0.0000,2.0000
1,497,16.6103,5.5839,60.26,4219,592431,2340,0.0000,0.0000,0.009986,2.0000,2,2.0000,0.0000,2.0000
1,498,16.7921,5.8470,59.90,4219,572373,2325,5.9865,0.0000,0.009986,2.0000,2,2.0000,0.0000,2.0000
1,499,16.6085,5.8358,60.10,4219,561292,2329,6.0103,0.0000,0.009986,2.0000,2,2.0000,0.0000,2.0000
1,500,16.7300,5.9279,59.34,4219,565080,2281,5.9341,0.0000,0.009986,2.0000,2,2.0000,0.0000,2.0000
1,501,16.5599,5.5767,60.49,4219,562198,2285,6.0492,0.0000,0.009986,2.0000,2,2.0000,0.0000,2.0000
1,502,16.9506,5.8040,60.02,4219,558795,2259,6.0023,0.0000,0.009986,2.0000,2,2.0000,0.0000,2.0000
1,503,16.8555,5.5798,60.08,4219,551230,2236,0.0000,0.0000,0.009986,2.0000,2,2.0000,0.0000,2.0000
1,504,16.2179,5.5613,59.94,3794,553908,2235,5.9938,0.0000,0.009985,2.0000,2,2.0000,0.0000,2.0000
1,505,16.5028,5.7713,70.62,3794,558787,2215,7.0620,0.0000,0.009985,2.0000,1,2.0000,0.0000,2.0000
1,506,16.8204,5.6248,59.91,3794,561006,2213,5.9913,0.0000,0.009985,2.0000,1,2.0000,0.0000,2.0000
1,507,18.9589,5.7027,59.85,3794,553934,2214,5.9846,0.0000,0.009985,2.0000,1,2.0000,0.0000,2.0000
1,508,14.2752,5.4497,59.88,3794,548865,2174,0.0000,0.0000,0.009985,2.0000,1,2.0000,0.0000,2.0000
1,509,16.5948,5.5613,60.06,3794,547025,2192,6.0058,0.0000,0.009985,2.0000,1,2.0000,0.0000,2.0000
1,510,16.8229,5.7139,60.25,3794,558653,2204,6.0251,0.0000,0.009985,2.0000,1,2.0000,0.0000,2.0000
1,511,16.6259,5.7897,59.83,3794,532974,2166,5.9828,0.0000,0.009985,2.0000,1,2.0000,0.0000,2.0000
1,512,16.7377,5.6228,60.03,3794,527258,2119,6.0030,0.0000,0.009985,2.0000,1,2.0000,0.0000,2.0000
1,513,16.4706,5.7508,60.13,3794,536387,2189,6.0126,0.0000,0.009985,2.0000,0,2.0000,0.0000,2.0000
1,514,16.7172,5.5839,60.09,3794,537953,2158,0.0000,0.0000,0.009985,2.0000,0,2.0000,0.0000,2.0000
1,515,16.7834,5.7129,59.72,3794,522849,2156,5.9712,0.0000,0.009985,2.0000,0,2.0000,0.0000,2.0000
1,516,16.5041,5.4979,60.13,3794,519194,2117,6.0130,0.0000,0.009985,2.0000,0,2.0000,0.0000,2.0000
1,517,16.7633,5.7252,59.90,3794,548664,2149,5.9903,0.0000,0.009985,2.0000,0,2.0000,0.0000,2.0000
1,518,16.6336,5.6730,60.13,3794,520093,2133,6.0134,0.0000,0.009985,2.0000,0,2.0000,0.0000,2.0000
1,519,16.7402,5.7068,59.71,3794,529532,2099,5.9714,0.0000,0.009985,2.0000,0,2.0000,0.0000,2.0000
1,520,16.7035,5.7549,60.12,3794,513379,2079,0.0000,0.0000,0.009985,2.0000,0,2.0000,0.0000,2.0000
1,521,16.5005,5.8143,60.15,3794,535946,2096,6.0139,0.0000,0.009985,2.0000,0,2.0000,0.0000,2.0000
1,522,16.8629,5.9535,60.10,3794,547197,2106,6.0096,0.0000,0.009985,2.0000,0,2.0000,0.0000,2.0000
1,523,16.5198,5.6545,59.93,3794,525905,2057,5.9927,0.0000,0.009985,2.0000,0,2.0000,0.0000,2.0000
1,524,16.7380,5.5859,59.92,3794,524702,2054,5.9923,0.0000,0.009985,2.0000,0,2.0000,0.0000,2.0000
1,525,16.5304,5.8860,59.95,3794,552273,1933,5.9953,0.0000,0.009985,2.0000,0,2.0000,0.0000,2.0000
1,526,16.7995,5.6617,60.29,3794,535209,2048,0.0000,0.0000,0.009985,2.0000,0,2.0000,0.0000,2.0000
1,527,16.5749,5.8778,59.68,3794,550956,2040,5.9677,0.0000,0.009985,2.0000,0,2.0000,0.0000,2.0000
1,528,16.8713,5.6166,60.07,3794,545011,1961,6.0070,0.0000,0.009985,2.0000,0,2.0000,0.0000,2.0000
1,529,16.3879,5.7866,59.70,3794,529776,2003,5.9702,0.0000,0.009985,2.0000,0,2.0000,0.0000,2.0000
1,530,16.8784,5.6668,60.45,3794,524044,2026,6.0450,0.0000,0.009985,2.0000,0,2.0000,0.0000,2.0000
1,531,16.5284,5.7774,59.61,3794,544335,2021,5.9607,0.0000,0.009985,2.0000,0,2.0000,0.0000,2.0000
1,532,16.7555,5.4815,60.18,3794,553501,2014,0.0000,0.0000,0.009985,2.0000,0,2.0000,0.0000,2.0000
1,533,16.6654,5.6668,60.23,3272,534433,1946,6.0232,0.0000,0.010777,2.0000,0,2.0000,0.0000,2.0000
1,534,16.4045,5.7467,79.37,3272,521212,1967,7.8441,0.0000,0.010777,2.0000,0,2.0000,0.0000,2.0000
1,535,16.6924,5.6084,60.14,3272,510071,1948,6.0329,0.0000,0.010777,2.0000,0,2.0000,0.0000,2.0000
1,536,20.6838,5.6893,59.96,3272,515793,1937,5.9463,0.0000,0.010777,2.0000,0,2.0000,0.0000,2.0000
1,537,12.7046,5.6975,60.19,3272,502653,1915,0.0000,0.0000,0.010777,2.0000,0,2.0000,0.0000,2.0000
1,538,16.5439,5.6791,59.74,3272,506367,1910,5.9745,0.0000,0.010777,2.0000,0,2.0000,0.0000,2.0000
1,539,16.7859,5.4221,60.18,3272,509037,1896,6.0173,0.0000,0.010777,2.0000,0,2.0000,0.0000,2.0000
1,540,16.5029,5.4927,51.70,3272,500544,1900,5.1696,0.0000,0.010777,2.0000,0,2.0000,0.0000,2.0000
1,541,16.8618,5.7027,60.89,3272,496700,1907,6.0888,0.0000,0.010777,2.0000,0,2.0000,0.0000,2.0000
1,542,16.4919,5.4794,69.95,3272,511760,1767,6.9946,0.0000,0.010777,2.0000,0,2.0000,0.0000,2.0000
1,543,25.5700,6.5423,60.03,3272,505675,1862,0.0000,0.0000,0.010777,2.0000,0,2.0000,0.0000,2.0000
1,544,10.5936,5.2193,59.80,3272,515840,1862,5.9800,0.0000,0.010777,2.0000,0,2.0000,0.0000,2.0000
1,545,13.8976,5.6771,60.33,3272,502917,1831,6.0322,0.0000,0.010777,2.0000,0,2.0000,0.0000,2.0000
1,546,16.6668,5.4262,59.48,3272,476212,1804,5.9483,0.0000,0.010777,2.0000,0,2.0000,0.0000,2.0000
1,547,16.8509,5.0524,60.46,3272,463934,1807,6.0459,0.0000,0.010777,2.0000,0,2.0000,0.0000,2.0000
1,548,16.4463,5.4528,59.83,3272,471704,1784,5.9830,0.0000,0.010777,2.0000,0,2.0000,0.0000,2.0000
1,549,16.9961,5.3688,60.08,3272,476690,1764,0.0000,0.0000,0.010777,2.0000,0,2.0000,0.0000,2.0000
1,550,16.3541,5.2982,59.95,3272,477929,1756,5.9952,0.0000,0.010777,2.0000,0,2.0000,0.0000,2.0000
1,551,16.9208,5.1528,59.78,3272,460899,1750,5.9776,0.0000,0.010777,2.0000,0,2.0000,0.0000,2.0000
1,552,16.4403,5.2521,60.03,3272,469007,1733,6.0029,0.0000,0.010777,2.0000,0,2.0000,0.0000,2.0000
1,553,16.8753,5.2244,60.26,3272,457945,1704,6.0263,0.0000,0.010777,2.0000,0,2.0000,0.0000,2.0000
1,554,16.5353,5.3719,59.50,3272,468695,1718,5.9503,0.0000,0.010777,2.0000,0,2.0000,0.0000,2.0000
1,555,16.8325,5.2931,60.25,3272,413779,1694,0.0000,0.0000,0.010777,2.0000,0,2.0000,0.0000,2.0000
1,556,16.4216,5.1517,60.11,3272,449447,1714,6.0112,0.0000,0.010777,2.0000,0,2.0000,0.0000,2.0000
1,557,17.4011,5.8778,60.09,3272,450933,1709,6.0090,0.0000,0.010777,2.0000,0,2.0000,0.0000,2.0000
1,558,16.0077,5.2173,59.56,3272,444331,1702,5.9557,0.0000,0.010777,2.0000,0,2.0000,0.0000,2.0000
1,559,16.8156,4.9889,60.60,3272,441323,1687,6.0595,0.0000,0.010777,2.0000,0,2.0000,0.0000,2.0000
1,560,16.6902,10.0649,59.91,3272,441450,1674,5.9908,0.0000,0.010777,2.0000,0,2.0000,0.0000,2.0000
1,561,16.5451,5.1251,60.17,3272,421756,1648,0.0000,0.0000,0.010777,2.0000,0,2.0000,0.0000,2.0000
1,562,16.5161,5.1128,59.88,2701,424141,1646,5.9878,0.0000,0.011232,2.0000,0,2.0000,0.0000,2.0000
1,563,16.5020,4.7186,74.75,2701,431341,1639,7.4747,0.0000,0.011232,2.0000,0,2.0000,0.0000,2.0000
1,564,16.8519,4.9981,59.95,2701,429640,1657,5.9952,0.0000,0.011232,2.0000,0,2.0000,0.0000,2.0000
1,565,19.7047,5.1958,59.88,2701,431798,1653,5.9881,0.0000,0.011232,2.0000,0,2.0000,0.0000,2.0000
1,566,13.5274,4.8968,60.09,2701,410504,1640,0.0000,0.0000,0.011232,2.0000,0,2.0000,0.0000,2.0000
1,567,16.5519,4.7903,59.66,2701,419912,1623,5.9657,0.0000,0.011232,2.0000,0,2.0000,0.0000,2.0000
1,568,16.8404,4.8896,78.90,2701,412797,1607,7.8904,0.0000,0.011232,2.0000,0,2.0000,0.0000,2.0000
1,569,16.4992,4.8916,78.74,2701,421705,1637,0.0000,0.0000,0.011232,2.0000,0,2.0000,0.0000,2.0000
1,570,16.8827,4.9603,88.67,2701,420112,1631,8.8664,0.0000,0.011232,2.0000,0,2.0000,0.0000,2.0000
1,571,12.7058,4.8159,93.85,2701,417038,1613,9.3740,0.0000,0.011232,2.0000,0,2.0000,0.0000,2.0000
1,572,12.6858,4.8445,97.78,2701,421574,1630,0.0000,0.0000,0.011232,2.0000,0,2.0000,0.0000,2.0000
1,573,11.1458,4.9797,101.99,2701,405804,1617,10.1986,0.0000,0.011232,2.0000,0,2.0000,0.0000,2.0000
1,574,10.6456,4.6981,108.11,2701,406280,1617,0.0000,0.0000,0.011232,2.0000,0,2.0000,0.0000,2.0000
1,575,10.3847,4.7688,112.49,2701,414175,1618,0.0000,0.0000,0.011232,2.0000,0,2.0000,0.0000,2.0000
1,576,9.6501,4.9316,122.00,2701,406092,1613,12.1998,0.0000,0.011232,2.0000,0,2.0000,0.0000,2.0000
1,577,9.2453,4.6807,128.60,2701,405663,1590,0.0000,0.0000,0.011232,2.0000,0,2.0000,0.0000,2.0000
1,578,9.0064,4.7647,126.91,2701,394409,1608,12.6908,0.0000,0.011232,2.0000,0,2.0000,0.0000,2.0000
1,579,8.0789,4.8435,129.89,2701,402644,1617,0.0000,0.0000,0.011232,2.0000,0,2.0000,0.0000,2.0000
1,580,7.7750,4.8773,98.59,2701,386856,1597,9.8591,0.0000,0.011232,2.0000,0,2.0000,0.0000,2.0000
1,581,7.8819,4.7780,161.59,2701,380469,1593,0.0000,0.0000,0.011232,2.0000,0,2.0000,0.0000,2.0000
1,582,7.8171,4.9623,84.59,2701,386793,1602,0.0000,0.0000,0.011232,2.0000,0,2.0000,0.0000,2.0000
1,583,10.0377,5.1497,165.14,2701,391894,1599,16.5143,0.0000,0.011232,2.0000,0,2.0000,0.0000,2.0000
1,584,6.1719,5.4559,99.24,2701,390556,1582,0.0000,0.0000,0.011232,2.0000,0,2.0000,0.0000,2.0000
1,585,11.8388,5.1026,165.46,2701,380985,1577,16.5467,0.0000,0.011232,2.0000,0,2.0000,0.0000,2.0000
1,586,6.0500,4.9019,103.09,2701,381671,1571,0.0000,0.0000,0.011232,2.0000,0,2.0000,0.0000,2.0000
1,587,10.1906,4.9705,165.01,2701,378165,1579,0.0000,0.0000,0.011232,2.0000,0,2.0000,0.0000,2.0000
1,588,5.9204,4.8763,98.88,2701,377922,1556,9.8869,0.0000,0.011232,2.0000,0,2.0000,0.0000,2.0000
1,589,9.7013,4.7155,164.61,2701,380931,1580,0.0000,0.0000,0.011232,2.0000,0,2.0000,0.0000,2.0000
1,590,6.0567,4.8579,83.79,2701,393742,1571,8.3733,0.0000,0.011232,2.0000,0,2.0000,0.0000,2.0000
1,591,10.2603,5.2285,164.16,2387,385469,1577,0.0000,0.0000,0.012373,2.0000,0,2.0000,0.0000,2.0000
1,592,5.9285,5.3555,46.92,2387,396380,1548,4.6921,0.0000,0.012373,2.0000,0,2.0000,0.0000,2.0000
1,593,11.9415,5.1722,92.29,2387,394427,1565,9.2290,0.0000,0.012373,2.0000,0,2.0000,0.0000,2.0000
1,594,6.0869,4.7913,85.99,2387,398425,1557,0.0000,0.0000,0.012373,2.0000,0,2.0000,0.0000,2.0000
1,595,21.4604,5.0637,168.09,2387,390839,1570,16.8099,0.0000,0.012373,2.0000,0,2.0000,0.0000,2.0000
1,596,10.6850,4.5773,105.31,2387,398253,1553,0.0000,0.0000,0.012373,2.0000,0,2.0000,0.0000,2.0000
1,597,11.6442,4.9306,167.40,2387,382843,1538,0.0000,0.0000,0.012373,2.0000,0,2.0000,0.0000,2.0000
1,598,5.9383,4.5281,124.90,2387,391981,1529,12.4896,0.0000,0.012373,2.0000,0,2.0000,0.0000,2.0000
1,599,9.4953,4.6572,164.91,2387,385887,1527,0.0000,0.0000,0.012373,2.0000,0,2.0000,0.0000,2.0000
1,600,5.9731,4.5701,99.58,2387,382890,1514,9.9583,0.0000,0.012373,2.0000,0,2.0000,0.0000,2.0000
1,601,8.0048,4.9080,164.05,2387,390676,1530,0.0000,0.0000,0.012373,2.0000,0,2.0000,0.0000,2.0000
1,602,6.0654,5.0606,57.05,2387,382643,1533,5.7046,0.0000,0.012373,2.0000,0,2.0000,0.0000,2.0000
1,603,10.0415,4.9582,167.97,2387,383935,1536,0.0000,0.0000,0.012373,2.0000,0,2.0000,0.0000,2.0000
1,604,6.0948,5.2439,115.87,2387,376254,1504,0.0000,0.0000,0.012373,2.0000,0,2.0000,0.0000,2.0000
1,605,17.5462,4.9070,160.60,2387,378642,1507,16.0606,0.0000,0.012373,2.0000,0,2.0000,0.0000,2.0000
1,606,5.9345,4.7022,113.71,2387,375261,1518,0.0000,0.0000,0.012373,2.0000,0,2.0000,0.0000,2.0000
1,607,8.6326,4.6879,161.23,2387,382894,1514,0.0000,0.0000,0.012373,2.0000,0,2.0000,0.0000,2.0000
1,608,6.2238,4.6131,118.17,2387,383941,1510,11.8169,0.0000,0.012373,2.0000,0,2.0000,0.0000,2.0000
1,609,8.8007,4.8179,147.16,2387,381097,1523,0.0000,0.0000,0.012373,2.0000,0,2.0000,0.0000,2.0000
1,610,6.1969,4.6305,97.27,2387,383222,1514,9.7269,0.0000,0.012373,2.0000,0,2.0000,0.0000,2.0000
1,611,8.4625,4.8415,155.00,2387,377670,1516,0.0000,0.0000,0.012373,2.0000,0,2.0000,0.0000,2.0000
1,612,6.8052,5.0944,89.87,2387,386880,1523,8.9871,0.0000,0.012373,2.0000,0,2.0000,0.0000,2.0000
1,613,10.2806,4.9091,165.23,2387,378914,1523,0.0000,0.0000,0.012373,2.0000,0,2.0000,0.0000,2.0000
1,614,6.4429,4.9910,100.57,2387,388949,1511,0.0000,0.0000,0.012373,2.0000,0,2.0000,0.0000,2.0000
1,615,11.1315,4.8620,167.11,2387,389936,1522,16.7106,0.0000,0.012373,2.0000,0,2.0000,0.0000,2.0000
1,616,6.0471,4.9910,112.71,2387,382709,1513,0.0000,0.0000,0.012373,2.0000,0,2.0000,0.0000,2.0000
1,617,9.9490,4.8302,142.83,2387,382871,1515,14.2850,0.0000,0.012373,2.0000,0,2.0000,0.0000,2.0000
1,618,6.3427,4.6428,88.86,2387,386659,1524,0.0000,0.0000,0.012373,2.0000,0,2.0000,0.0000,2.0000
1,619,8.5106,4.8497,164.71,2387,382260,1500,0.0000,0.0000,0.012373,2.0000,0,2.0000,0.0000,2.0000
1,620,6.9967,4.6049,93.70,2387,391022,1463,9.3677,0.0000,0.012373,2.0000,0,2.0000,0.0000,2.0000
1,621,11.2683,4.9797,164.55,2239,380370,1494,0.0000,0.0000,0.015317,2.0000,0,2.0000,0.0000,2.0000
1,622,10.6815,4.7227,88.00,2239,380985,1497,8.5833,0.0000,0.015317,2.0000,0,2.0000,0.0000,2.0000
1,623,6.0650,4.6510,89.13,2239,374566,1493,0.0000,0.0000,0.015317,2.0000,0,2.0000,0.0000,2.0000
1,624,20.4871,4.9398,166.17,2239,375535,1499,16.4520,0.0000,0.015317,2.0000,0,2.0000,0.0000,2.0000
1,625,11.3807,4.4923,103.79,2239,385630,1503,0.0000,0.0000,0.015317,2.0000,0,2.0000,0.0000,2.0000
1,626,11.2270,4.6561,165.22,2239,385965,1486,0.0000,0.0000,0.015317,2.0000,0,2.0000,0.0000,2.0000
1,627,6.0065,4.6070,109.64,2239,385342,1498,10.9445,0.0000,0.015317,2.0000,0,2.0000,0.0000,2.0000
1,628,9.6399,4.7555,162.24,2239,381701,1500,0.0000,0.0000,0.015317,2.0000,0,2.0000,0.0000,2.0000
1,629,6.0454,4.5292,93.55,2239,382020,1500,9.3526,0.0000,0.015317,2.0000,0,2.0000,0.0000,2.0000
1,630,9.1252,4.8435,161.87,2239,383851,1490,0.0000,0.0000,0.015317,2.0000,0,2.0000,0.0000,2.0000
1,631,6.1638,4.8312,95.44,2239,369421,1479,9.4933,0.0000,0.015317,2.0000,0,2.0000,0.0000,2.0000
1,632,10.6936,4.7780,161.14,2239,371350,1481,0.0000,0.0000,0.015317,2.0000,0,2.0000,0.0000,2.0000
1,633,6.1761,5.0924,95.01,2239,371090,1480,0.0000,0.0000,0.015317,2.0000,0,2.0000,0.0000,2.0000
1,634,10.4813,4.8906,165.54,2239,371049,1465,16.5861,0.0000,0.015317,2.0000,0,2.0000,0.0000,2.0000
1,635,6.1982,5.0227,116.67,2239,358351,1472,0.0000,0.0000,0.015317,2.0000,0,2.0000,0.0000,2.0000
1,636,10.5618,4.7995,158.23,2239,351940,1471,0.0000,0.0000,0.015317,2.0000,0,2.0000,0.0000,2.0000
1,637,6.0064,4.7114,138.80,2239,359084,1467,13.8784,0.0000,0.015317,2.0000,0,2.0000,0.0000,2.0000
1,638,8.5651,4.8640,164.63,2239,361611,1472,0.0000,0.0000,0.015317,2.0000,0,2.0000,0.0000,2.0000
1,639,6.3234,4.5783,101.52,2239,334277,1461,10.1503,0.0000,0.015317,2.0000,0,2.0000,0.0000,2.0000
1,640,7.2007,4.7882,118.50,2239,338747,1465,0.0000,0.0000,0.015317,2.0000,0,2.0000,0.0000,2.0000
1,641,6.0703,4.9244,94.05,2239,340189,1450,9.4071,0.0000,0.015317,2.0000,0,2.0000,0.0000,2.0000
1,642,9.8591,4.7913,70.47,2239,334633,1449,0.0000,0.0000,0.015317,2.0000,0,2.0000,0.0000,2.0000
1,643,13.6776,4.9050,164.48,2239,328325,1427,16.4462,0.0000,0.015317,2.0000,0,2.0000,0.0000,2.0000
1,644,5.3924,4.6326,129.75,2239,329871,1428,0.0000,0.0000,0.015317,2.0000,0,2.0000,0.0000,2.0000
1,645,14.1931,4.9766,149.20,2239,322637,1437,0.0000,0.0000,0.015317,2.0000,0,2.0000,0.0000,2.0000
1,646,6.0771,4.7237,141.46,2239,329100,1421,14.1511,0.0000,0.015317,2.0000,0,2.0000,0.0000,2.0000
1,647,7.7043,4.5046,145.43,2239,325833,1426,0.0000,0.0000,0.015317,2.0000,0,2.0000,0.0000,2.0000
1,648,6.7043,4.6899,120.37,2239,332030,1428,0.0000,0.0000,0.015317,2.0000,0,2.0000,0.0000,2.0000
1,649,7.0941,4.7882,127.72,2239,324511,1418,12.7718,0.0000,0.015317,2.0000,0,2.0000,0.0000,2.0000
1,650,6.8507,4.8148,152.89,2049,323480,1410,0.0000,0.0000,0.012988,2.0000,0,2.0000,0.0000,2.0000
1,651,7.8350,4.9213,88.23,2049,318489,1410,8.8233,0.0000,0.012988,2.0000,0,2.0000,0.0000,2.0000
1,652,6.5360,4.8517,97.86,2049,318326,1394,0.0000,0.0000,0.012988,2.0000,0,2.0000,0.0000,2.0000
1,653,17.6236,5.0514,170.42,2049,309692,1392,0.0000,0.0000,0.012988,2.0000,0,2.0000,0.0000,2.0000
1,654,11.3444,4.8036,100.96,2049,319602,1396,10.0954,0.0000,0.012988,2.0000,0,2.0000,0.0000,2.0000
1,655,10.2215,4.6490,165.23,2049,312700,1375,0.0000,0.0000,0.012988,2.0000,0,2.0000,0.0000,2.0000
1,656,5.8652,4.9254,99.74,2049,315262,1397,9.9743,0.0000,0.012988,2.0000,0,2.0000,0.0000,2.0000
1,657,9.9140,4.7616,164.04,2049,307074,1382,0.0000,0.0000,0.012988,2.0000,0,2.0000,0.0000,2.0000
1,658,6.0404,4.8026,105.09,2049,327335,1387,10.5084,0.0000,0.012988,2.0000,0,2.0000,0.0000,2.0000
1,659,10.0419,4.8159,164.42,2049,321336,1375,0.0000,0.0000,0.012988,2.0000,0,2.0000,0.0000,2.0000
1,660,6.0804,5.0094,90.92,2049,317541,1387,0.0000,0.0000,0.012988,2.0000,0,2.0000,0.0000,2.0000
1,661,9.5226,5.0166,164.55,2049,322640,1381,16.4539,0.0000,0.012988,2.0000,0,2.0000,0.0000,2.0000
1,662,6.0789,5.2500,102.16,2049,324507,1386,0.0000,0.0000,0.012988,2.0000,0,2.0000,0.0000,2.0000
1,663,11.0027,5.0708,166.65,2049,325330,1390,0.0000,0.0000,0.012988,2.0000,0,2.0000,0.0000,2.0000
1,664,6.0730,4.7380,104.49,2049,325957,1382,10.4483,0.0000,0.012988,2.0000,0,2.0000,0.0000,2.0000
1,665,9.8096,4.8753,164.09,2049,322948,1387,0.0000,0.0000,0.012988,2.0000,0,2.0000,0.0000,2.0000
1,666,5.9725,4.8579,101.93,2049,329753,1399,10.1930,0.0000,0.012988,2.0000,0,2.0000,0.0000,2.0000
1,667,9.5852,4.9121,164.91,2049,335797,1401,0.0000,0.0000,0.012988,2.0000,0,2.0000,0.0000,2.0000
1,668,6.0891,4.8568,91.12,2049,342851,1399,9.1118,0.0000,0.012988,2.0000,0,2.0000,0.0000,2.0000
1,669,9.8136,5.0565,163.23,2049,336743,1397,0.0000,0.0000,0.012988,2.0000,0,2.0000,0.0000,2.0000
1,670,6.0561,5.1159,55.30,2049,332359,1387,5.5306,0.0000,0.012988,2.0000,0,2.0000,0.0000,2.0000
1,671,11.1386,5.1456,166.05,2049,338923,1382,0.0000,0.0000,0.012988,2.0000,0,2.0000,0.0000,2.0000
1,672,5.9642,5.2521,112.09,2049,332830,1365,11.2090,0.0000,0.012988,2.0000,0,2.0000,0.0000,2.0000
1,673,18.0826,4.8589,162.52,2049,333418,1375,0.0000,0.0000,0.012988,2.0000,0,2.0000,0.0000,2.0000
1,674,6.0239,4.8835,102.11,2049,337503,1367,0.0000,0.0000,0.012988,2.0000,0,2.0000,0.0000,2.0000
1,675,8.9551,4.9152,164.59,2049,328369,1356,16.4603,0.0000,0.012988,2.0000,0,2.0000,0.0000,2.0000
1,676,6.1165,4.8261,114.47,2049,336792,1358,0.0000,0.0000,0.012988,2.0000,0,2.0000,0.0000,2.0000
1,677,9.7982,4.8159,99.62,2049,334197,1362,9.9621,0.0000,0.012988,2.0000,0,2.0000,0.0000,2.0000
1,678,6.0737,4.4349,165.06,2049,320698,1347,0.0000,0.0000,0.012988,2.0000,0,2.0000,0.0000,2.0000
1,679,8.7359,4.6807,97.40,1886,334674,1356,0.0000,0.0000,0.020018,2.0000,0,2.0000,0.0000,2.0000
1,680,6.0409,5.0872,59.78,1886,327092,1325,5.9605,0.0000,0.020018,2.0000,0,2.0000,0.0000,2.0000
1,681,10.2796,4.8169,71.36,1886,337456,1345,7.1366,0.0000,0.020018,2.0000,0,2.0000,0.0000,2.0000
1,682,21.4023,4.8855,171.40,1886,331270,1336,0.0000,0.0000,0.020018,2.0000,0,2.0000,0.0000,2.0000
1,683,16.7438,4.5926,102.40,1886,332055,1336,10.2397,0.0000,0.020018,2.0000,0,2.0000,0.0000,2.0000
1,684,14.0422,4.7299,154.68,1886,332150,1340,0.0000,0.0000,0.020018,2.0000,0,2.0000,0.0000,2.0000
1,685,5.8076,4.8988,101.11,1886,319341,1332,10.1119,0.0000,0.020018,2.0000,0,2.0000,0.0000,2.0000
1,686,9.7705,4.6920,163.95,1886,323250,1325,0.0000,0.0000,0.020018,2.0000,0,2.0000,0.0000,2.0000
1,687,6.4595,4.9367,91.98,1886,324665,1329,0.0000,0.0000,0.020018,2.0000,0,2.0000,0.0000,2.0000
1,688,9.8961,4.9644,164.17,1886,320517,1307,16.4159,0.0000,0.020018,2.0000,0,2.0000,0.0000,2.0000
1,689,6.0926,5.2869,94.85,1886,320533,1322,0.0000,0.0000,0.020018,2.0000,0,2.0000,0.0000,2.0000
1,690,10.8738,4.9879,165.68,1886,323091,1323,16.5680,0.0000,0.020018,2.0000,0,2.0000,0.0000,2.0000
1,691,6.0856,5.2449,101.88,1886,323940,1322,0.0000,0.0000,0.020018,2.0000,0,2.0000,0.0000,2.0000
1,692,10.5595,4.9408,167.70,1886,325556,1315,0.0000,0.0000,0.020018,2.0000,0,2.0000,0.0000,2.0000
1,693,6.0368,5.0350,100.95,1886,321805,1308,10.0953,0.0000,0.020018,2.0000,0,2.0000,0.0000,2.0000
1,694,9.8089,4.8210,165.70,1886,325831,1304,0.0000,0.0000,0.020018,2.0000,0,2.0000,0.0000,2.0000
1,695,6.3064,4.9910,82.62,1886,322815,1301,8.2618,0.0000,0.020018,2.0000,0,2.0000,0.0000,2.0000
1,696,6.0255,5.2275,54.04,1886,325753,1295,5.4036,0.0000,0.020018,2.0000,0,2.0000,0.0000,2.0000
1,697,12.1123,5.0145,165.37,1886,326361,1298,0.0000,0.0000,0.020018,2.0000,0,2.0000,0.0000,2.0000
1,698,6.1231,5.7917,80.61,1886,324372,1281,8.0623,0.0000,0.020018,2.0000,0,2.0000,0.0000,2.0000
1,699,18.5518,5.0053,166.44,1886,329227,1277,0.0000,0.0000,0.020018,2.0000,0,2.0000,0.0000,2.0000
1,700,6.0016,5.2654,85.56,1886,322842,1269,8.5516,0.0000,0.020018,2.0000,0,2.0000,0.0000,2.0000
1,701,12.4194,4.7176,164.09,1886,323228,1265,0.0000,0.0000,0.020018,2.0000,0,2.0000,0.0000,2.0000
1,702,5.9878,4.8527,83.09,1886,319930,1273,8.3093,0.0000,0.020018,2.0000,0,2.0000,0.0000,2.0000
1,703,11.7073,4.7124,163.47,1886,322789,1269,0.0000,0.0000,0.020018,2.0000,0,2.0000,0.0000,2.0000
1,704,6.0931,4.9981,106.77,1886,324357,1265,0.0000,0.0000,0.020018,2.0000,0,2.0000,0.0000,2.0000
1,705,12.0329,4.8486,109.48,1886,315797,1250,10.9487,0.0000,0.020018,2.0000,0,2.0000,0.0000,2.0000
1,706,6.1128,4.7596,165.48,1886,318764,1247,0.0000,0.0000,0.020018,2.0000,0,2.0000,0.0000,2.0000
1,707,9.3649,5.0729,100.49,1722,316069,1236,10.0491,0.0000,0.022819,2.0000,0,2.0000,0.0000,2.0000
1,708,6.0339,4.9326,76.45,1722,313190,1237,0.0000,0.0000,0.022819,2.0000,0,2.0000,0.0000,2.0000
1,709,9.9568,6.0897,72.82,1722,304617,1220,7.2827,0.0000,0.022819,2.0000,0,2.0000,0.0000,2.0000
1,710,19.1648,4.6469,112.96,1722,286046,1200,0.0000,0.0000,0.022819,2.0000,0,2.0000,0.0000,2.0000
1,711,13.0910,4.8835,119.03,1722,296223,1205,11.9015,0.0000,0.022819,2.0000,0,2.0000,0.0000,2.0000
1,712,13.7458,4.7811,125.33,1722,280749,1193,0.0000,0.0000,0.022819,2.0000,0,2.0000,0.0000,2.0000
1,713,8.8414,4.7452,134.77,1722,285908,1183,13.4766,0.0000,0.022819,2.0000,0,2.0000,0.0000,2.0000
1,714,8.4023,4.8855,140.78,1722,294234,1179,0.0000,0.0000,0.022819,2.0000,0,2.0000,0.0000,2.0000
1,715,7.9791,4.6305,107.14,1722,292176,1181,10.7143,0.0000,0.022819,2.0000,0,2.0000,0.0000,2.0000
1,716,7.4209,4.8466,163.02,1722,286812,1162,0.0000,0.0000,0.022819,2.0000,0,2.0000,0.0000,2.0000
1,717,7.1013,4.8937,94.22,1722,277974,1159,0.0000,0.0000,0.022819,2.0000,0,2.0000,0.0000,2.0000
1,718,9.3352,5.0053,163.41,1722,276266,1160,16.3404,0.0000,0.022819,2.0000,0,2.0000,0.0000,2.0000
1,719,6.1311,5.2726,106.39,1722,269030,1164,0.0000,0.0000,0.022819,2.0000,0,2.0000,0.0000,2.0000
1,720,10.6189,5.0688,158.98,1722,272543,1163,0.0000,0.0000,0.022819,2.0000,0,2.0000,0.0000,2.0000
1,721,6.1135,4.5711,99.73,1722,277637,1160,9.9729,0.0000,0.022819,2.0000,0,2.0000,0.0000,2.0000
1,722,9.4035,4.8497,164.62,1722,277021,1156,0.0000,0.0000,0.022819,2.0000,0,2.0000,0.0000,2.0000
1,723,6.2852,4.6449,84.94,1722,279934,1148,8.4933,0.0000,0.022819,2.0000,0,2.0000,0.0000,2.0000
1,724,5.9074,4.9265,56.17,1722,273322,1150,5.6168,0.0000,0.022819,2.0000,0,2.0000,0.0000,2.0000
1,725,6.5461,5.0647,55.01,1722,268551,1132,5.5014,0.0000,0.022819,2.0000,0,2.0000,0.0000,2.0000
1,726,17.8070,4.8241,168.86,1722,275832,1135,16.8848,0.0000,0.022819,2.0000,0,2.0000,0.0000,2.0000
1,727,5.9862,4.7401,85.28,1722,277516,1135,0.0000,0.0000,0.022819,2.0000,0,2.0000,0.0000,2.0000
1,728,18.1865,4.5609,136.06,1722,269107,1113,13.6071,0.0000,0.022819,2.0000,0,2.0000,0.0000,2.0000
1,729,5.9128,5.1139,102.76,1722,270996,1123,0.0000,0.0000,0.022819,2.0000,0,2.0000,0.0000,2.0000
1,730,11.7312,4.4841,134.31,1722,269370,1109,0.0000,0.0000,0.022819,2.0000,0,2.0000,0.0000,2.0000
1,731,7.3478,4.2312,105.36,1722,272888,1116,10.5357,0.0000,0.022819,2.0000,0,2.0000,0.0000,2.0000
1,732,9.7332,4.4124,149.16,1722,272316,1106,0.0000,0.0000,0.022819,2.0000,0,2.0000,0.0000,2.0000
1,733,7.4531,4.4298,86.55,1722,272955,1105,8.6548,0.0000,0.022819,2.0000,0,2.0000,0.0000,2.0000
1,734,6.7008,4.6633,38.06,1591,272531,1100,3.8058,0.0000,0.023016,2.0000,0,2.0000,0.0000,2.0000
1,735,11.5650,4.5609,88.28,1591,268078,1089,8.8280,0.0000,0.023016,2.0000,1,2.0000,-0.0500,1.9500
1,736,6.4537,4.3540,76.52,1591,277807,1029,7.6517,0.0000,0.023016,1.9500,1,1.9500,0.0000,1.9500
1,737,26.2829,4.5670,165.75,1591,266958,1076,0.0000,0.0000,0.023016,1.9500,1,1.9500,0.0000,1.9500
1,738,11.3331,4.3837,57.93,1591,283381,1080,5.7920,0.0000,0.023016,1.9500,1,1.9500,0.0000,1.9500
1,739,13.0788,4.7217,166.22,1591,282737,1080,0.0000,0.0000,0.023016,1.9500,1,1.9500,0.0000,1.9500
1,740,6.0237,4.8497,95.40,1591,283872,1079,9.5403,0.0000,0.023016,1.9500,1,1.9500,0.0000,1.9500
1,741,17.2652,4.7194,162.96,1591,278063,1075,0.0000,0.0000,0.023016,1.9500,1,1.9500,0.0000,1.9500
1,742,6.0139,4.7596,92.80,1591,274001,1088,0.0000,0.0000,0.023016,1.9500,1,1.9500,0.0000,1.9500
1,743,10.4877,4.4431,165.12,1591,274862,1077,16.5119,0.0000,0.023016,1.9500,2,1.9500,0.0500,2.0000
1,744,6.1258,4.8876,110.61,1591,278439,1073,0.0000,0.0000,0.023016,2.0000,2,2.0000,0.0000,2.0000
1,745,10.7837,4.3407,165.67,1591,278910,1089,0.0000,0.0000,0.023016,2.0000,2,2.0000,0.0000,2.0000
1,746,6.0478,4.3356,110.94,1591,282644,1093,11.0946,0.0000,0.023016,2.0000,2,2.0000,0.0000,2.0000
1,747,9.0430,4.4329,164.45,1591,273483,1082,0.0000,0.0000,0.023016,2.0000,2,2.0000,0.0000,2.0000
1,748,6.0336,4.6479,89.19,1591,284318,1086,8.9196,0.0000,0.023016,2.0000,2,2.0000,0.0000,2.0000
1,749,9.0238,5.0145,163.09,1591,283199,1079,0.0000,0.0000,0.023016,2.0000,2,2.0000,0.0000,2.0000
1,750,6.0755,5.0074,85.55,1591,280148,1080,8.5535,0.0000,0.023016,2.0000,2,2.0000,0.0000,2.0000
1,751,11.2180,5.0780,162.94,1591,284249,1077,0.0000,0.0000,0.023016,2.0000,2,2.0000,0.0000,2.0000
1,752,6.1220,5.0115,91.14,1591,270864,1079,9.1131,0.0000,0.023016,2.0000,2,2.0000,0.0000,2.0000
1,753,11.6971,4.9838,161.52,1591,282661,969,0.0000,0.0000,0.023016,2.0000,2,2.0000,0.0000,2.0000
1,754,6.1322,5.1026,85.40,1591,278121,1065,0.0000,0.0000,0.023016,2.0000,2,2.0000,0.0000,2.0000
1,755,10.9756,5.1384,164.36,1591,269721,1058,16.4365,0.0000,0.023016,2.0000,2,2.0000,0.0000,2.0000
1,756,6.1842,5.1261,99.29,1591,283469,1075,0.0000,0.0000,0.023016,2.0000,2,2.0000,0.0000,2.0000
1,757,11.7166,5.0862,167.22,1591,275177,1075,16.7200,0.0000,0.023016,2.0000,2,2.0000,0.0000,2.0000
1,758,6.0799,4.6664,102.14,1591,278355,1043,0.0000,0.0000,0.023016,2.0000,2,2.0000,0.0000,2.0000
1,759,10.0709,4.8292,155.64,1591,280804,1071,0.0000,0.0000,0.023016,2.0000,2,2.0000,0.0000,2.0000
1,760,5.9825,4.6469,112.87,1591,280477,1071,11.2870,0.0000,0.023016,2.0000,2,2.0000,0.0000,2.0000
1,761,9.7892,4.7544,163.86,1591,275044,1069,0.0000,0.0000,0.023016,2.0000,2,2.0000,0.0000,2.0000
1,762,6.4245,4.6346,84.37,1591,288937,1075,8.4367,0.0000,0.023016,2.0000,2,2.0000,0.0000,2.0000
1,763,8.8601,4.9756,163.00,1500,279937,1070,0.0000,0.0000,0.026721,2.0000,2,2.0000,0.0000,2.0000
1,764,11.8602,5.2173,87.52,1500,286340,1070,8.7528,0.0000,0.026721,2.0000,1,2.0000,0.0000,2.0000
1,765,6.1275,4.7278,88.58,1500,294279,1069,0.0000,0.0000,0.026721,2.0000,1,2.0000,0.0000,2.0000
1,766,21.5781,4.9981,168.41,1500,289395,1060,16.8414,0.0000,0.026721,2.0000,1,2.0000,0.0000,2.0000
1,767,11.4438,4.7155,61.81,1500,298007,1067,0.0000,0.0000,0.026721,2.0000,1,2.0000,0.0000,2.0000
1,768,11.2924,4.8906,166.93,1500,296305,1056,16.6940,0.0000,0.026721,2.0000,1,2.0000,0.0000,2.0000
1,769,6.4337,4.6162,118.33,1500,289185,940,0.0000,0.0000,0.026721,2.0000,1,2.0000,0.0000,2.0000
1,770,15.6772,4.7606,135.40,1500,297389,1053,0.0000,0.0000,0.026721,2.0000,1,2.0000,0.0000,2.0000
1,771,5.9861,4.7933,137.26,1500,295308,1044,13.7261,0.0000,0.026721,2.0000,1,2.0000,0.0000,2.0000
1,772,8.4550,4.6100,118.34,1500,298938,941,0.0000,0.0000,0.026721,2.0000,0,2.0000,0.0000,2.0000
1,773,7.3837,4.8466,133.46,1500,297028,1041,13.3458,0.0000,0.026721,2.0000,0,2.0000,0.0000,2.0000
1,774,7.2842,5.0033,126.68,1500,296879,1032,0.0000,0.0000,0.026721,2.0000,0,2.0000,0.0000,2.0000
1,775,8.4525,5.0524,111.91,1500,300516,1040,0.0000,0.0000,0.026721,2.0000,0,2.0000,0.0000,2.0000
1,776,7.4988,4.9142,158.05,1500,294202,982,15.8014,0.0000,0.026721,2.0000,0,2.0000,0.0000,2.0000
1,777,7.8861,4.9316,115.44,1500,297826,1032,0.0000,0.0000,0.026721,2.0000,0,2.0000,0.0000,2.0000
1,778,8.9385,4.8876,128.21,1500,296006,1018,12.8203,0.0000,0.026721,2.0000,0,2.0000,0.0000,2.0000
1,779,6.3527,4.9132,121.95,1500,301264,1021,0.0000,0.0000,0.026721,2.0000,0,2.0000,0.0000,2.0000
1,780,8.6380,5.0821,109.00,1500,301101,1011,0.0000,0.0000,0.026721,2.0000,0,2.0000,0.0000,2.0000
1,781,7.8021,4.8968,158.30,1500,289542,1005,15.8186,0.0000,0.026721,2.0000,0,2.0000,0.0000,2.0000
1,782,8.1986,4.9203,91.87,1500,291791,1003,0.0000,0.0000,0.026721,2.0000,0,2.0000,0.0000,2.0000
1,783,9.1744,5.1036,132.06,1500,302060,1014,13.2061,0.0000,0.026721,2.0000,0,2.0000,0.0000,2.0000
1,784,6.3185,5.0668,95.38,1500,301127,1017,0.0000,0.0000,0.026721,2.0000,0,2.0000,0.0000,2.0000
1,785,11.1175,5.0729,137.99,1500,299040,1006,13.7947,0.0000,0.026721,2.0000,0,2.0000,0.0000,2.0000
1,786,7.3397,4.8835,102.48,1500,300538,1006,0.0000,0.0000,0.026721,2.0000,0,2.0000,0.0000,2.0000
1,787,10.4939,4.8650,120.76,1500,290196,1000,0.0000,0.0000,0.026721,2.0000,0,2.0000,0.0000,2.0000
1,788,7.2389,4.6346,117.34,1500,297067,1005,11.7331,0.0000,0.026721,2.0000,0,2.0000,0.0000,2.0000
1,789,9.7602,4.7176,69.84,1500,299072,1008,6.9866,0.0000,0.026721,2.0000,0,2.0000,0.0000,2.0000
1,790,8.2796,4.6582,69.03,1500,302150,1009,0.0000,0.0000,0.026721,2.0000,0,2.0000,0.0000,2.0000
1,791,8.5261,4.7503,83.03,1500,302130,1016,8.3031,0.0000,0.026721,2.0000,0,2.0000,0.0000,2.0000
1,792,22.0997,4.8189,92.52,1369,299892,1011,0.0000,0.0000,0.029835,2.0000,0,2.0000,0.0000,2.0000
1,793,12.1152,4.5373,79.62,1369,293215,998,0.0000,0.0000,0.029835,2.0000,0,2.0000,0.0000,2.0000
1,794,10.7588,4.5527,92.73,1369,288738,982,9.2729,0.0000,0.029835,2.0000,0,2.0000,0.0000,2.0000
1,795,41.2398,4.5015,102.20,1369,284406,976,0.0000,0.0000,0.029835,2.0000,0,2.0000,0.0000,2.0000
1,796,12.6073,4.5199,88.30,1369,294034,981,8.8304,0.0000,0.029835,2.0000,0,2.0000,0.0000,2.0000
1,797,9.7877,4.5865,51.38,1369,289490,962,5.1391,0.0000,0.029835,2.0000,0,2.0000,0.0000,2.0000
1,798,6.5391,4.6510,79.56,1369,282330,945,7.9557,0.0000,0.029835,2.0000,0,2.0000,0.0000,2.0000
1,799,6.7601,4.3530,81.87,1369,282894,940,8.1869,0.0000,0.029835,2.0000,0,2.0000,0.0000,2.0000
1,800,6.3546,4.6746,87.25,1369,282318,937,8.7290,0.0000,0.029835,2.0000,0,2.0000,0.0000,2.0000
1,801,12.2320,4.3325,155.49,1369,286684,937,0.0000,0.0000,0.029835,2.0000,0,2.0000,0.0000,2.0000
1,802,6.5522,4.3448,101.53,1369,278394,924,10.1520,0.0000,0.029835,2.0000,0,2.0000,0.0000,2.0000
1,803,11.4794,4.4698,153.87,1369,281086,931,0.0000,0.0000,0.029835,2.0000,0,2.0000,0.0000,2.0000
1,804,6.4144,4.3438,85.88,1369,274940,922,8.5883,0.0000,0.029835,2.0000,0,2.0000,0.0000,2.0000
1,805,9.8674,4.5251,157.14,1369,273917,911,0.0000,0.0000,0.029835,2.0000,0,2.0000,0.0000,2.0000
1,806,6.4767,4.7002,87.49,1369,272216,907,0.0000,0.0000,0.029835,2.0000,0,2.0000,0.0000,2.0000
1,807,11.6607,4.5988,157.65,1369,274012,902,15.7610,0.0000,0.029835,2.0000,0,2.0000,0.0000,2.0000
1,808,6.3609,4.7278,100.99,1369,269722,907,0.0000,0.0000,0.029835,2.0000,0,2.0000,0.0000,2.0000
1,809,11.4312,4.4380,129.51,1369,270938,897,12.9425,0.0000,0.029835,2.0000,0,2.0000,0.0000,2.0000
1,810,6.3371,4.1349,120.94,1369,271112,893,0.0000,0.0000,0.029835,2.0000,0,2.0000,0.0000,2.0000
1,811,9.9059,4.4431,105.51,1369,270401,887,10.5501,0.0000,0.029835,2.0000,0,2.0000,0.0000,2.0000
1,812,7.7173,4.3172,164.73,1369,266901,882,0.0000,0.0000,0.029835,2.0000,0,2.0000,0.0000,2.0000
1,813,8.2768,4.4390,82.17,1369,272814,879,0.0000,0.0000,0.029835,2.0000,0,2.0000,0.0000,2.0000
1,814,9.4702,4.2004,164.15,1369,269724,868,16.4143,0.0000,0.029835,2.0000,0,2.0000,0.0000,2.0000
1,815,6.0637,4.8026,110.50,1369,271941,874,0.0000,0.0000,0.029835,2.0000,0,2.0000,0.0000,2.0000
1,816,12.1813,4.3110,138.75,1369,267236,861,13.8782,0.0000,0.029835,2.0000,0,2.0000,0.0000,2.0000
1,817,6.0869,4.3008,109.87,1257,260625,859,0.0000,0.0000,0.030072,2.0000,0,2.0000,0.0000,2.0000
1,818,9.0483,4.4083,30.61,1257,260688,857,6.1221,0.0000,0.030072,2.0000,0,2.0000,0.0000,2.0000
1,819,7.2070,4.4196,89.77,1257,267078,860,0.0000,0.0000,0.030072,2.0000,1,2.0000,-0.0500,1.9500
1,820,9.0980,4.2988,85.62,1257,264719,848,8.5615,0.0000,0.030072,1.9500,1,1.9500,0.0000,1.9500
1,821,10.4088,4.1636,55.67,1257,242335,834,5.5676,0.0000,0.030072,1.9500,1,1.9500,0.0000,1.9500
1,822,11.6848,4.3131,167.34,1257,238421,833,0.0000,0.0000,0.030072,1.9500,1,1.9500,0.0000,1.9500
1,823,6.0881,4.5548,99.12,1257,237040,828,9.9041,0.0000,0.030072,1.9500,1,1.9500,0.0000,1.9500
1,824,17.9819,4.3500,164.74,1257,242015,820,0.0000,0.0000,0.030072,1.9500,1,1.9500,0.0000,1.9500
1,825,5.9589,4.2240,86.41,1257,245288,771,8.6414,0.0000,0.030072,1.9500,1,1.9500,0.0000,1.9500
1,826,6.0611,4.4298,83.19,1257,255817,806,8.3145,0.0000,0.030072,2.0000,2,2.0000,0.0000,2.0000
1,827,11.5941,4.3295,98.90,1257,248370,814,0.0000,0.0000,0.030072,2.0000,2,2.0000,0.0000,2.0000
1,828,6.4023,4.6418,113.44,1257,262647,822,11.3433,0.0000,0.030072,2.0000,2,2.0000,0.0000,2.0000
1,829,12.0403,4.4175,87.33,1257,258395,816,0.0000,0.0000,0.030072,2.0000,2,2.0000,0.0000,2.0000
1,830,10.1070,4.4431,126.01,1257,260215,815,12.6016,0.0000,0.030072,2.0000,2,2.0000,0.0000,2.0000
1,831,8.8340,4.2803,142.36,1257,264452,814,0.0000,0.0000,0.030072,2.0000,2,2.0000,0.0000,2.0000
1,832,11.4375,4.3069,115.24,1257,260382,812,0.0000,0.0000,0.030072,2.0000,2,2.0000,0.0000,2.0000
1,833,7.9269,4.2772,154.31,1257,258644,807,15.4309,0.0000,0.030072,2.0000,2,2.0000,0.0000,2.0000
1,834,7.0275,4.3203,112.31,1257,256377,807,0.0000,0.0000,0.030072,2.0000,2,2.0000,0.0000,2.0000
1,835,8.7215,4.3213,129.95,1257,248946,813,0.0000,0.0000,0.030072,2.0000,2,2.0000,0.0000,2.0000
1,836,6.4352,4.2701,140.21,1257,240825,813,14.0215,0.0000,0.030072,2.0000,2,2.0000,0.0000,2.0000
1,837,8.9073,4.2772,123.37,1257,250118,815,0.0000,0.0000,0.030072,2.0000,2,2.0000,0.0000,2.0000
1,838,7.6922,4.3643,125.19,1257,240416,799,12.5185,0.0000,0.030072,2.0000,2,2.0000,0.0000,2.0000
1,839,7.1325,4.3110,137.51,1257,248161,807,0.0000,0.0000,0.030072,2.0000,2,2.0000,0.0000,2.0000
1,840,8.1076,4.4749,111.07,1257,247712,797,0.0000,0.0000,0.030072,2.0000,2,2.0000,0.0000,2.0000
1,841,7.9870,4.3889,163.14,1257,240400,799,16.3136,0.0000,0.030072,2.0000,2,2.0000,0.0000,2.0000
1,842,7.2723,4.3612,111.08,1257,246734,801,0.0000,0.0000,0.030072,2.0000,2,2.0000,0.0000,2.0000
1,843,9.0055,4.5036,148.60,1257,242049,792,14.8605,0.0000,0.030072,2.0000,2,2.0000,0.0000,2.0000
1,844,6.1286,4.4339,124.53,1257,246841,790,0.0000,0.0000,0.030072,2.0000,2,2.0000,0.0000,2.0000
1,845,9.0001,4.3899,141.32,1055,240007,788,0.0000,0.0000,0.030437,2.0000,2,2.0000,0.0000,2.0000
1,846,8.0286,4.3489,86.05,1055,244277,793,0.0000,0.0000,0.030437,2.0000,1,2.0000,0.0000,2.0000
1,847,7.0781,4.2076,88.91,1055,232524,787,8.8914,0.0000,0.030437,2.0000,1,2.0000,0.0000,2.0000
1,848,11.6392,4.0428,55.99,1055,235758,785,5.5992,0.0000,0.030437,2.0000,1,2.0000,0.0000,2.0000
1,849,6.2003,4.5957,57.96,1055,230664,781,0.0000,0.0000,0.030437,2.0000,1,2.0000,0.0000,2.0000
1,850,17.8832,4.1452,162.43,1055,221748,771,16.2448,0.0000,0.030437,2.0000,1,2.0000,0.0000,2.0000
1,851,7.0804,4.2711,87.80,1055,225187,768,0.0000,0.0000,0.030437,2.0000,1,2.0000,0.0000,2.0000
1,852,17.2908,4.1718,129.20,1055,221265,768,12.9209,0.0000,0.030437,2.0000,0,2.0000,0.0000,2.0000
1,853,6.1212,4.0724,89.44,1055,220643,772,0.0000,0.0000,0.030437,2.0000,0,2.0000,0.0000,2.0000
1,854,11.4001,4.2926,99.83,1055,211440,755,9.9857,0.0000,0.030437,2.0000,0,2.0000,0.0000,2.0000
1,855,7.7335,4.1861,122.85,1055,212228,755,0.0000,0.0000,0.030437,2.0000,0,2.0000,0.0000,2.0000
1,856,12.3939,4.1472,96.53,1055,210660,752,9.6517,0.0000,0.030437,2.0000,0,2.0000,0.0000,2.0000
1,857,8.1339,4.1144,86.07,1055,210558,746,8.6071,0.0000,0.030437,2.0000,0,2.0000,0.0000,2.0000
1,858,6.5114,4.2578,87.72,1055,212112,746,0.0000,0.0000,0.030437,2.0000,0,2.0000,0.0000,2.0000
1,859,11.6934,4.1636,165.31,1055,207554,749,16.5327,0.0000,0.030437,2.0000,0,2.0000,0.0000,2.0000
1,860,6.5096,4.1912,92.97,1055,212666,745,0.0000,0.0000,0.030437,2.0000,0,2.0000,0.0000,2.0000
1,861,11.4244,4.3561,171.29,1055,206137,725,17.1312,0.0000,0.030437,2.0000,0,2.0000,0.0000,2.0000
1,862,6.0317,4.2056,102.53,1055,212606,735,0.0000,0.0000,0.030437,2.0000,0,2.0000,0.0000,2.0000
1,863,10.7620,4.3254,112.08,1055,210616,725,0.0000,0.0000,0.030437,2.0000,0,2.0000,0.0000,2.0000
1,864,5.8336,4.0520,145.52,1055,211992,729,14.5522,0.0000,0.030437,2.0000,0,2.0000,0.0000,2.0000
1,865,9.7586,4.1421,91.12,1055,212975,730,0.0000,0.0000,0.030437,2.0000,0,2.0000,0.0000,2.0000
1,866,8.9241,4.1902,120.69,1055,208717,725,12.0681,0.0000,0.030437,2.0000,0,2.0000,0.0000,2.0000
1,867,10.9825,4.1318,82.49,1055,212668,729,8.2422,0.0000,0.030437,2.0000,0,2.0000,0.0000,2.0000
1,868,7.1861,4.2025,57.00,917,213398,730,5.6998,0.0000,0.028079,2.0000,0,2.0000,0.0000,2.0000
1,869,7.2858,4.2168,86.40,917,216620,727,0.0000,0.0000,0.028079,2.0000,0,2.0000,0.0000,2.0000
1,870,17.5616,4.1196,95.35,917,201306,721,9.5346,0.0000,0.028079,2.0000,0,2.0000,0.0000,2.0000
1,871,11.5897,4.0530,91.59,917,205882,721,9.1590,0.0000,0.028079,2.0000,0,2.0000,0.0000,2.0000
1,872,6.0997,3.9834,85.60,917,206393,715,0.0000,0.0000,0.028079,2.0000,0,2.0000,0.0000,2.0000
1,873,10.9356,4.0366,82.20,917,204673,720,8.2203,0.0000,0.028079,2.0000,0,2.0000,0.0000,2.0000
1,874,11.6929,4.3418,82.58,917,203431,713,8.2563,0.0000,0.028079,2.0000,0,2.0000,0.0000,2.0000
1,875,6.4117,4.3530,84.10,917,203886,718,8.4237,0.0000,0.028079,2.0000,0,2.0000,0.0000,2.0000
1,876,6.2498,4.2271,87.93,917,205922,705,8.7928,0.0000,0.028079,2.0000,0,2.0000,0.0000,2.0000
1,877,7.6888,4.0970,84.35,917,205838,708,8.4331,0.0000,0.028079,2.0000,0,2.0000,0.0000,2.0000
1,878,6.4064,4.3131,83.58,917,207814,705,8.3412,0.0000,0.028079,2.0000,0,2.0000,0.0000,2.0000
1,879,11.8799,4.0888,161.38,917,196718,709,0.0000,0.0000,0.028079,2.0000,0,2.0000,0.0000,2.0000
1,880,6.9285,4.3366,86.46,917,204030,703,8.6475,0.0000,0.028079,2.0000,0,2.0000,0.0000,2.0000
1,881,6.1744,4.3397,81.43,917,207984,712,8.1430,0.0000,0.028079,2.0000,0,2.0000,0.0000,2.0000
1,882,6.6270,4.1492,89.15,917,206022,690,0.0000,0.0000,0.028079,2.0000,0,2.0000,0.0000,2.0000
1,883,12.3009,4.1144,47.83,917,207294,686,4.7824,0.0000,0.028079,2.0000,0,2.0000,0.0000,2.0000
1,884,6.1029,3.8451,94.97,917,205028,690,9.4965,0.0000,0.028079,2.0000,0,2.0000,0.0000,2.0000
1,885,20.9134,4.0919,62.79,917,201804,684,6.2809,0.0000,0.028079,2.0000,0,2.0000,0.0000,2.0000
1,886,10.5288,4.0018,164.07,917,204954,681,0.0000,0.0000,0.028079,2.0000,0,2.0000,0.0000,2.0000
1,887,6.2589,4.2312,61.98,817,203128,674,6.1980,0.0000,0.027548,2.0000,0,2.0000,0.0000,2.0000
1,888,6.0814,4.4319,62.58,817,189776,671,0.0000,0.0000,0.027548,2.0000,0,2.0000,0.0000,2.0000
1,889,16.1456,3.8799,75.13,817,189112,667,7.5126,0.0000,0.027548,2.0000,0,2.0000,0.0000,2.0000
1,890,16.3075,3.8973,58.68,817,189284,674,5.8640,0.0000,0.027548,2.0000,0,2.0000,0.0000,2.0000
1,891,7.2536,4.2516,91.16,817,194682,677,0.0000,0.0000,0.027548,2.0000,0,2.0000,0.0000,2.0000
1,892,17.3230,3.9444,136.14,817,191193,673,13.6138,0.0000,0.027548,2.0000,0,2.0000,0.0000,2.0000
1,893,6.1177,3.6925,99.31,817,188766,669,0.0000,0.0000,0.027548,2.0000,0,2.0000,0.0000,2.0000
1,894,10.9865,3.7765,124.93,817,187474,663,0.0000,0.0000,0.027548,2.0000,0,2.0000,0.0000,2.0000
1,895,7.8563,3.8717,137.32,817,189384,668,13.7418,0.0000,0.027548,2.0000,0,2.0000,0.0000,2.0000
1,896,9.5570,3.7437,108.73,817,187618,669,0.0000,0.0000,0.027548,2.0000,0,2.0000,0.0000,2.0000
1,897,8.0007,3.9660,117.85,817,182008,651,11.7846,0.0000,0.027548,2.0000,0,2.0000,0.0000,2.0000
1,898,7.2839,3.8789,138.14,817,181354,651,0.0000,0.0000,0.027548,2.0000,0,2.0000,0.0000,2.0000
1,899,9.4598,3.8062,62.09,817,178960,638,6.2089,0.0000,0.027548,2.0000,0,2.0000,0.0000,2.0000
1,900,8.2230,3.8984,53.79,817,179888,639,5.3792,0.0000,0.027548,2.0000,0,2.0000,0.0000,2.0000
1,901,7.2302,3.9168,107.64,817,178074,634,0.0000,0.0000,0.027548,2.0000,0,2.0000,0.0000,2.0000
1,902,25.4614,3.9465,70.59,817,179556,630,7.0610,0.0000,0.027548,2.0000,0,2.0000,0.0000,2.0000
1,903,9.2521,3.8093,69.34,817,174934,627,6.9323,0.0000,0.027548,2.0000,0,2.0000,0.0000,2.0000
1,904,13.1281,3.8523,87.81,817,171848,615,8.7883,0.0000,0.027548,2.0000,0,2.0000,0.0000,2.0000
1,905,7.7086,4.0069,95.36,817,166466,601,9.5378,0.0000,0.027548,2.0000,0,2.0000,0.0000,2.0000
1,906,11.9646,3.8461,50.03,817,168832,609,5.0022,0.0000,0.027548,2.0000,0,2.0000,0.0000,2.0000
1,907,7.1307,3.8277,77.03,817,164920,609,0.0000,0.0000,0.027548,2.0000,0,2.0000,0.0000,2.0000
1,908,10.5057,3.8431,46.41,817,170254,607,4.6457,0.0000,0.027548,2.0000,0,2.0000,0.0000,2.0000
1,909,20.4593,4.6152,87.09,817,168482,602,8.7103,0.0000,0.027548,2.0000,0,2.0000,0.0000,2.0000
1,910,12.5130,3.7622,41.89,817,168186,597,4.1884,0.0000,0.027548,2.0000,0,2.0000,0.0000,2.0000
1,911,21.8568,3.8113,100.82,817,170392,594,10.0980,0.0000,0.027548,2.0000,0,2.0000,0.0000,2.0000
1,912,11.1631,3.8810,60.72,695,171476,595,0.0000,0.0000,0.043723,2.0000,0,2.0000,0.0000,2.0000
1,913,24.3135,3.9404,33.16,695,172108,601,6.6320,0.0000,0.043723,2.0000,0,2.0000,0.0000,2.0000
1,914,9.4914,3.8595,70.39,695,172680,602,7.0483,0.0000,0.043723,2.0000,1,2.0000,-0.0500,1.9500
1,915,17.0847,3.9424,82.64,695,163100,585,0.0000,0.0000,0.043723,1.9500,1,1.9500,0.0000,1.9500
1,916,30.1491,4.0530,99.27,695,168412,589,9.9297,0.0000,0.043723,1.9500,1,1.9500,0.0000,1.9500
1,917,13.6335,3.7478,50.37,695,167742,589,5.0336,0.0000,0.043723,1.9500,1,1.9500,0.0000,1.9500
1,918,12.0507,3.8420,74.14,695,167398,562,0.0000,0.0000,0.043723,1.9500,1,1.9500,0.0000,1.9500
1,919,10.3774,3.7878,45.89,695,166688,574,4.5849,0.0000,0.043723,1.9500,1,1.9500,0.0000,1.9500
1,920,19.5540,3.7919,84.94,695,168026,572,8.4966,0.0000,0.043723,1.9500,1,1.9500,0.0000,1.9500
1,921,14.0590,3.8236,42.14,695,166954,564,4.2138,0.0000,0.043723,1.9500,1,1.9500,0.0000,1.9500
1,922,21.2235,3.8861,102.41,695,166668,566,10.2572,0.0000,0.043723,1.9500,2,1.9500,-0.0500,1.9000
1,923,12.2034,3.8963,60.89,695,166274,566,6.0888,0.0000,0.043723,1.9000,2,1.9000,0.0000,1.9000
1,924,23.5580,3.9096,60.04,695,166310,570,0.0000,0.0000,0.043723,1.9000,2,1.9000,0.0000,1.9000
1,925,9.5600,3.8113,60.20,695,160334,570,6.0196,0.0000,0.043723,1.9000,2,1.9000,0.0000,1.9000
1,926,16.3783,3.8943,59.96,695,158256,561,6.0035,0.0000,0.043723,1.9000,2,1.9000,0.0000,1.9000
1,927,16.9854,3.7775,60.52,695,162724,569,6.0514,0.0000,0.043723,1.9000,2,1.9000,0.0000,1.9000
1,928,16.5198,3.8441,59.98,695,161758,565,5.9956,0.0000,0.043723,1.9000,2,1.9000,0.0000,1.9000
1,929,16.4391,3.8185,60.17,695,161966,566,6.0226,0.0000,0.043723,1.9000,2,1.9000,0.0000,1.9000
1,930,16.7851,3.8359,59.60,695,164894,570,0.0000,0.0000,0.043723,1.9000,3,1.9000,0.0500,1.9500
1,931,16.4083,3.8359,60.22,695,164542,564,6.0202,0.0000,0.043723,1.9500,3,1.9500,0.0000,1.9500
1,932,16.9094,3.8072,60.02,695,163790,566,5.9706,0.0000,0.043723,1.9500,3,1.9500,0.0000,1.9500
1,933,16.4954,3.8236,59.89,695,162954,566,5.9951,0.0000,0.043723,1.9500,3,1.9500,0.0000,1.9500
1,934,16.5969,3.8461,59.81,695,163684,565,5.9810,0.0000,0.043723,1.9500,3,1.9500,0.0000,1.9500
1,935,16.8487,3.8400,59.84,695,163543,554,5.9840,0.0000,0.043723,1.9500,3,1.9500,0.0000,1.9500
1,936,16.5104,3.7622,60.13,695,164082,554,0.0000,0.0000,0.043723,1.9500,3,1.9500,0.0000,1.9500
1,937,16.9246,3.8738,59.08,695,162888,556,5.9037,0.0000,0.043723,1.9500,3,1.9500,0.0000,1.9500
1,938,16.4969,3.8052,61.29,695,160728,555,6.1292,0.0000,0.043723,1.9500,4,1.9500,0.0500,2.0000
1,939,16.8338,3.8441,59.99,695,163174,555,5.9971,0.0000,0.043723,2.0000,4,2.0000,0.0000,2.0000
1,940,17.3976,3.7468,60.11,695,162606,555,6.0133,0.0000,0.043723,2.0000,4,2.0000,0.0000,2.0000
1,941,15.6516,3.8564,59.91,695,156640,550,5.9913,0.0000,0.043723,2.0000,4,2.0000,0.0000,2.0000
1,942,16.8615,3.7478,59.71,579,157550,536,0.0000,0.0000,0.035663,2.0000,4,2.0000,0.0000,2.0000
1,943,16.8847,3.7427,88.67,579,154279,540,8.4597,0.0000,0.035663,2.0000,3,2.0000,0.0000,2.0000
1,944,16.5552,3.7581,62.94,579,155094,544,6.2629,0.0000,0.035663,2.0000,3,2.0000,0.0000,2.0000
1,945,22.9164,3.7059,60.03,579,159513,542,6.0024,0.0000,0.035663,2.0000,3,2.0000,0.0000,2.0000
1,946,11.0894,3.7089,60.12,579,158652,541,6.0084,0.0000,0.035663,2.0000,3,2.0000,0.0000,2.0000
1,947,16.3329,3.7069,59.81,579,157184,537,0.0000,0.0000,0.035663,2.0000,3,2.0000,0.0000,2.0000
1,948,16.2174,3.7550,59.88,579,156730,531,5.9860,0.0000,0.035663,2.0000,3,2.0000,0.0000,2.0000
1,949,16.6307,3.6905,59.96,579,156464,530,5.9950,0.0000,0.035663,2.0000,3,2.0000,0.0000,2.0000
1,950,16.9412,3.6424,59.88,579,156844,533,5.9878,0.0000,0.035663,2.0000,3,2.0000,0.0000,2.0000
1,951,16.4853,3.6424,60.28,579,154871,530,6.0283,0.0000,0.035663,2.0000,2,2.0000,0.0000,2.0000
1,952,16.8783,3.6219,59.94,579,156558,530,5.9930,0.0000,0.035663,2.0000,2,2.0000,0.0000,2.0000
1,953,16.7194,3.6055,59.90,579,153154,532,0.0000,0.0000,0.035663,2.0000,2,2.0000,0.0000,2.0000
1,954,16.3645,3.6116,59.99,579,155518,526,5.9727,0.0000,0.035663,2.0000,2,2.0000,0.0000,2.0000
1,955,17.0594,3.5891,60.18,579,156486,526,6.0137,0.0000,0.035663,2.0000,2,2.0000,0.0000,2.0000
1,956,16.3196,3.5420,60.13,579,156972,525,6.0129,0.0000,0.035663,2.0000,2,2.0000,0.0000,2.0000
1,957,16.8987,3.5154,59.68,579,153120,520,5.9674,0.0000,0.035663,2.0000,2,2.0000,0.0000,2.0000
1,958,16.3890,3.4959,60.10,579,156976,523,6.0060,0.0000,0.035663,2.0000,2,2.0000,0.0000,2.0000
1,959,16.8234,3.5082,60.16,579,156890,519,0.0000,0.0000,0.035663,2.0000,1,2.0000,0.0000,2.0000
1,960,16.5623,3.4376,60.01,579,156170,508,6.0001,0.0000,0.035663,2.0000,1,2.0000,0.0000,2.0000
1,961,16.8082,3.4447,59.81,579,156201,509,5.9812,0.0000,0.035663,2.0000,1,2.0000,0.0000,2.0000
1,962,16.4531,3.4396,59.84,579,143550,497,5.9844,0.0000,0.035663,2.0000,1,2.0000,0.0000,2.0000
1,963,16.8516,3.3966,60.27,579,152378,500,6.0264,0.0000,0.035663,2.0000,1,2.0000,0.0000,2.0000
1,964,16.5308,3.3628,58.63,579,149337,494,5.8635,0.0000,0.035663,2.0000,1,2.0000,0.0000,2.0000
1,965,16.7177,3.3556,61.51,579,152572,497,0.0000,0.0000,0.035663,2.0000,1,2.0000,0.0000,2.0000
1,966,16.8509,3.3516,59.89,579,152101,491,5.9890,0.0000,0.035663,2.0000,1,2.0000,0.0000,2.0000
1,967,17.4702,3.3116,59.70,579,150904,492,5.9696,0.0000,0.035663,2.0000,0,2.0000,0.0000,2.0000
1,968,15.5768,3.3567,60.02,579,150312,488,6.0026,0.0000,0.035663,2.0000,0,2.0000,0.0000,2.0000
1,969,16.8589,3.2727,60.35,579,144657,482,6.0347,0.0000,0.035663,2.0000,0,2.0000,0.0000,2.0000
1,970,16.5927,3.2471,59.93,579,158190,500,5.9938,0.0000,0.035663,2.0000,0,2.0000,0.0000,2.0000
1,971,16.8988,3.2655,59.90,504,157990,497,0.0000,0.0000,0.047469,2.0000,0,2.0000,0.0000,2.0000
1,972,16.9582,3.2348,95.39,504,157393,494,9.5379,0.0000,0.047469,2.0000,0,2.0000,0.0000,2.0000
1,973,16.4596,3.2225,59.89,504,155298,489,5.9878,0.0000,0.047469,2.0000,0,2.0000,0.0000,2.0000
1,974,22.8692,3.2205,59.97,504,157216,487,6.0034,0.0000,0.047469,2.0000,0,2.0000,0.0000,2.0000
1,975,10.3174,3.1816,59.70,504,158196,359,5.9670,0.0000,0.047469,2.0000,0,2.0000,0.0000,2.0000
1,976,16.8988,3.1734,60.22,504,158328,492,0.0000,0.0000,0.047469,2.0000,0,2.0000,0.0000,2.0000
1,977,16.4758,3.2051,59.90,504,159528,496,5.9724,0.0000,0.047469,2.0000,0,2.0000,0.0000,2.0000
1,978,16.9601,3.1437,60.05,504,159528,495,6.0091,0.0000,0.047469,2.0000,0,2.0000,0.0000,2.0000
1,979,16.3940,3.1478,60.21,504,156350,486,6.0175,0.0000,0.047469,2.0000,0,2.0000,0.0000,2.0000
1,980,17.5454,3.1580,59.83,504,157354,486,5.9878,0.0000,0.047469,2.0000,0,2.0000,0.0000,2.0000
1,981,15.8086,3.1232,60.15,504,156670,484,6.0227,0.0000,0.047469,2.0000,0,2.0000,0.0000,2.0000
1,982,16.6148,3.0679,59.80,504,154110,481,0.0000,0.0000,0.047469,2.0000,0,2.0000,0.0000,2.0000
1,983,16.7039,3.0638,59.93,504,156377,476,5.9950,0.0000,0.047469,2.0000,0,2.0000,0.0000,2.0000
1,984,16.6308,3.0228,60.02,504,156375,476,6.0117,36.9442,0.047469,2.0000,0,2.0000,0.0000,2.0000
1,985,16.7170,3.0392,59.93,504,158344,478,5.9955,125.0752,0.047469,2.0000,0,2.0000,0.0000,2.0000
1,986,18.4995,3.0003,59.66,504,156044,467,5.9638,163.2537,0.047469,2.0000,0,2.0000,0.0000,2.0000
1,987,15.2372,2.9809,58.81,504,156495,470,5.8860,204.8553,0.047469,2.0000,0,2.0000,0.0000,2.0000
1,988,16.3839,2.9757,61.86,504,163412,477,0.0000,329.5250,0.047469,2.0000,0,2.0000,0.0000,2.0000
1,989,17.9577,2.9870,59.51,504,162103,480,5.9337,157.4732,0.047469,2.0000,0,2.0000,0.0000,2.0000
1,990,20.9853,3.0054,60.00,504,178371,483,6.0056,199.3841,0.047469,2.0000,0,2.0000,0.0000,2.0000
1,991,11.1448,3.0484,60.29,504,188195,497,5.9785,77.6558,0.047469,2.0000,0,2.0000,0.0000,2.0000
1,992,16.6401,3.1017,60.02,504,194812,493,6.0132,4.7493,0.047469,2.0000,0,2.0000,0.0000,2.0000
1,993,17.0442,3.1949,60.24,504,194683,497,6.0286,17.1872,0.047469,2.0000,0,2.0000,0.0000,2.0000
1,994,17.0514,3.1631,59.62,504,192243,493,0.0000,67.1298,0.047469,2.0000,0,2.0000,0.0000,2.0000
1,995,16.9244,3.1375,59.74,504,187955,481,5.9742,126.9170,0.047469,2.0000,0,2.0000,0.0000,2.0000
1,996,17.2565,3.1713,60.46,504,182996,488,6.0468,91.9373,0.047469,2.0000,0,2.0000,0.0000,2.0000
1,997,20.9394,3.1252,60.07,504,223479,488,6.0052,163.3938,0.047469,2.0000,0,2.0000,0.0000,2.0000
1,998,13.1144,3.3085,59.69,504,231593,494,5.9698,118.1811,0.047469,2.0000,0,2.0000,0.0000,2.0000
1,999,22.9180,3.3280,59.98,504,271430,512,5.9977,58.8017,0.047469,2.0000,0,2.0000,0.0000,2.0000
1,1000,17.9243,3.2922,49.43,342,290300,515,4.9474,160.1543,0.048932,2.0000,0,2.0000,0.0000,2.0000
1,1001,9.1959,3.2666,31.12,342,313534,519,3.1057,31.7260,0.048932,2.0000,0,2.0000,0.0000,2.0000
1,1002,28.6806,3.3710,69.96,342,304842,518,6.9997,272.9142,0.048932,2.0000,1,2.0000,-0.0500,1.9500
1,1003,8.2230,3.3669,50.26,342,330241,538,5.0272,35.1835,0.048932,1.9500,1,1.9500,0.0000,1.9500
1,1004,37.5435,3.4806,83.03,342,334336,546,0.0000,197.8791,0.048932,1.9500,1,1.9500,0.0000,1.9500
1,1005,7.0950,3.4109,85.53,342,360750,560,8.5545,107.7594,0.048932,1.9500,1,1.9500,0.0000,1.9500
1,1006,25.9276,3.4826,95.97,342,362894,562,9.5982,61.4628,0.048932,1.9500,1,1.9500,0.0000,1.9500
1,1007,12.8830,3.5215,68.16,342,363429,564,0.0000,106.3463,0.048932,1.9500,1,1.9500,0.0000,1.9500
1,1008,4.4446,3.4437,64.10,342,350926,554,6.4111,117.9473,0.048932,1.9500,1,1.9500,0.0000,1.9500
1,1009,11.5154,3.4212,59.97,342,377195,574,5.9904,105.5501,0.048932,1.9500,1,1.9500,0.0000,1.9500
1,1010,14.2807,3.4468,60.52,342,380043,595,6.0549,102.9090,0.048932,1.9500,2,1.9500,0.0500,2.0000
1,1011,15.2915,3.5768,116.73,342,383807,603,0.0000,179.9932,0.048932,2.0000,2,2.0000,0.0000,2.0000
1,1012,16.9780,3.6188,110.76,342,381281,619,11.0803,91.1878,0.048932,2.0000,2,2.0000,0.0000,2.0000
1,1013,15.7338,3.6864,120.43,342,389243,637,0.0000,94.6957,0.048932,2.0000,2,2.0000,0.0000,2.0000
1,1014,9.1189,3.5584,121.72,342,377087,638,0.0000,78.6899,0.048932,2.0000,2,2.0000,0.0000,2.0000
1,1015,8.8079,3.6168,126.93,342,392549,669,12.6930,83.1276,0.048932,2.0000,2,2.0000,0.0000,2.0000
1,1016,8.1964,3.6792,133.55,342,380725,677,0.0000,74.5395,0.048932,2.0000,2,2.0000,0.0000,2.0000
1,1017,8.1816,3.6506,135.39,342,390139,680,13.5392,71.0649,0.048932,2.0000,2,2.0000,0.0000,2.0000
1,1018,7.7882,3.6884,152.27,342,386813,691,0.0000,93.1366,0.048932,2.0000,2,2.0000,0.0000,2.0000
1,1019,7.3056,3.7171,120.81,342,390638,708,0.0000,64.8370,0.048932,2.0000,2,2.0000,0.0000,2.0000
1,1020,7.4409,3.7325,164.73,342,399361,736,16.4747,138.8666,0.048932,2.0000,2,2.0000,0.0000,2.0000
1,1021,6.5729,3.7468,112.30,342,405141,766,0.0000,66.3516,0.048932,2.0000,2,2.0000,0.0000,2.0000
1,1022,8.8224,3.7335,165.03,342,387903,771,0.0000,143.3468,0.048932,2.0000,2,2.0000,0.0000,2.0000
1,1023,5.5581,3.7253,139.87,342,417603,813,13.9864,109.7041,0.048932,2.0000,2,2.0000,0.0000,2.0000
