point_id,x,y,z,vol_min_x,vol_min_y,vol_min_z,vol_max_x,vol_max_y,vol_max_z
0,-48.16666,1.800001,-44.46667,-51.5,-1.67226,-47.8,-44.83333,1.32774,-41.13333
1,-48.16666,4.800001,-44.46667,-51.5,1.32774,-47.8,-44.83333,4.32774,-41.13333
2,-48.16666,1.800001,-37.8,-51.5,-1.67226,-41.13333,-44.83333,1.32774,-34.46666
3,-48.16666,4.800001,-37.8,-51.5,1.32774,-41.13333,-44.83333,4.32774,-34.46666
4,-48.16666,2.972029,-31.13334,-51.5,-1.67226,-34.46667,-44.83333,1.32774,-27.8
5,-48.16666,5.972029,-31.13334,-51.5,1.32774,-34.46667,-44.83333,4.32774,-27.8
6,-48.16666,4.000826,-24.46667,-51.5,-1.67226,-27.8,-44.83333,1.32774,-21.13333
7,-48.16666,7.000826,-24.46667,-51.5,1.32774,-27.8,-44.83333,4.32774,-21.13333
8,-48.16666,4.760147,-17.8,-51.5,-1.67226,-21.13333,-44.83333,1.32774,-14.46667
9,-48.16666,7.760147,-17.8,-51.5,1.32774,-21.13333,-44.83333,4.32774,-14.46667
10,-48.16666,4.778099,-11.13333,-51.5,-1.67226,-14.46667,-44.83333,1.32774,-7.800001
11,-48.16666,7.778099,-11.13333,-51.5,1.32774,-14.46667,-44.83333,4.32774,-7.800001
12,-48.16666,4.354162,-4.466667,-51.5,-1.67226,-7.8,-44.83333,1.32774,-1.133334
13,-48.16666,7.354162,-4.466667,-51.5,1.32774,-7.8,-44.83333,4.32774,-1.133334
14,-48.16666,3.893496,2.2,-51.5,-1.67226,-1.133334,-44.83333,1.32774,5.533333
15,-48.16666,6.893496,2.2,-51.5,1.32774,-1.133334,-44.83333,4.32774,5.533333
16,-48.16666,3.178038,8.866666,-51.5,-1.67226,5.533333,-44.83333,1.32774,12.2
17,-48.16666,6.178038,8.866666,-51.5,1.32774,5.533333,-44.83333,4.32774,12.2
18,-48.16666,2.2307,15.53333,-51.5,-1.67226,12.2,-44.83333,1.32774,18.86666
19,-48.16666,5.2307,15.53333,-51.5,1.32774,12.2,-44.83333,4.32774,18.86666
20,-48.16666,1.799999,22.2,-51.5,-1.67226,18.86666,-44.83333,1.32774,25.53333
21,-48.16666,4.799998,22.2,-51.5,1.32774,18.86666,-44.83333,4.32774,25.53333
22,-48.16666,1.799998,28.86667,-51.5,-1.67226,25.53333,-44.83333,1.32774,32.2
23,-48.16666,4.799998,28.86667,-51.5,1.32774,25.53333,-44.83333,4.32774,32.2
24,-48.16666,1.799998,35.53333,-51.5,-1.67226,32.2,-44.83333,1.32774,38.86666
25,-48.16666,4.799998,35.53333,-51.5,1.32774,32.2,-44.83333,4.32774,38.86666
26,-48.16666,1.799998,42.2,-51.5,-1.67226,38.86666,-44.83333,1.32774,45.53333
27,-48.16666,4.799997,42.2,-51.5,1.32774,38.86666,-44.83333,4.32774,45.53333
28,-48.16666,3.361519,48.86667,-51.5,-1.67226,45.53333,-44.83333,1.32774,52.2
29,-48.16666,6.361519,48.86667,-51.5,1.32774,45.53333,-44.83333,4.32774,52.2
30,-41.5,1.800001,-44.46667,-44.83333,-1.67226,-47.8,-38.16666,1.32774,-41.13333
31,-41.5,4.800001,-44.46667,-44.83333,1.32774,-47.8,-38.16666,4.32774,-41.13333
32,-41.5,2.354241,-37.8,-44.83333,-1.67226,-41.13333,-38.16666,1.32774,-34.46666
33,-41.5,5.35424,-37.8,-44.83333,1.32774,-41.13333,-38.16666,4.32774,-34.46666
34,-41.5,3.707016,-31.13334,-44.83333,-1.67226,-34.46667,-38.16666,1.32774,-27.8
35,-41.5,6.707016,-31.13334,-44.83333,1.32774,-34.46667,-38.16666,4.32774,-27.8
36,-41.5,6.250816,-24.46667,-44.83333,-1.67226,-27.8,-38.16666,1.32774,-21.13333
37,-41.5,9.250816,-24.46667,-44.83333,1.32774,-27.8,-38.16666,4.32774,-21.13333
38,-41.5,7.923764,-17.8,-44.83333,-1.67226,-21.13333,-38.16666,1.32774,-14.46667
39,-41.5,10.92376,-17.8,-44.83333,1.32774,-21.13333,-38.16666,4.32774,-14.46667
40,-41.5,7.743147,-11.13333,-44.83333,-1.67226,-14.46667,-38.16666,1.32774,-7.800001
41,-41.5,10.74315,-11.13333,-44.83333,1.32774,-14.46667,-38.16666,4.32774,-7.800001
42,-41.5,6.467508,-4.466667,-44.83333,-1.67226,-7.8,-38.16666,1.32774,-1.133334
43,-41.5,9.467508,-4.466667,-44.83333,1.32774,-7.8,-38.16666,4.32774,-1.133334
44,-41.5,5.516632,2.2,-44.83333,-1.67226,-1.133334,-38.16666,1.32774,5.533333
45,-41.5,8.516632,2.2,-44.83333,1.32774,-1.133334,-38.16666,4.32774,5.533333
46,-41.5,4.996683,8.866666,-44.83333,-1.67226,5.533333,-38.16666,1.32774,12.2
47,-41.5,7.996683,8.866666,-44.83333,1.32774,5.533333,-38.16666,4.32774,12.2
48,-41.5,3.633278,15.53333,-44.83333,-1.67226,12.2,-38.16666,1.32774,18.86666
49,-41.5,6.633278,15.53333,-44.83333,1.32774,12.2,-38.16666,4.32774,18.86666
50,-41.5,2.045277,22.2,-44.83333,-1.67226,18.86666,-38.16666,1.32774,25.53333
51,-41.5,5.045277,22.2,-44.83333,1.32774,18.86666,-38.16666,4.32774,25.53333
52,-41.5,1.799998,28.86667,-44.83333,-1.67226,25.53333,-38.16666,1.32774,32.2
53,-41.5,4.799998,28.86667,-44.83333,1.32774,25.53333,-38.16666,4.32774,32.2
54,-41.5,1.799998,35.53333,-44.83333,-1.67226,32.2,-38.16666,1.32774,38.86666
55,-41.5,4.799998,35.53333,-44.83333,1.32774,32.2,-38.16666,4.32774,38.86666
56,-41.5,1.799998,42.2,-44.83333,-1.67226,38.86666,-38.16666,1.32774,45.53333
57,-41.5,4.799997,42.2,-44.83333,1.32774,38.86666,-38.16666,4.32774,45.53333
58,-41.5,2.642098,48.86667,-44.83333,-1.67226,45.53333,-38.16666,1.32774,52.2
59,-41.5,5.642097,48.86667,-44.83333,1.32774,45.53333,-38.16666,4.32774,52.2
60,-34.83334,1.841416,-44.46667,-38.16667,-1.67226,-47.8,-31.5,1.32774,-41.13333
61,-34.83334,4.841415,-44.46667,-38.16667,1.32774,-47.8,-31.5,4.32774,-41.13333
62,-34.83334,2.288504,-37.8,-38.16667,-1.67226,-41.13333,-31.5,1.32774,-34.46666
63,-34.83334,5.288504,-37.8,-38.16667,1.32774,-41.13333,-31.5,4.32774,-34.46666
64,-34.83334,3.924601,-31.13334,-38.16667,-1.67226,-34.46667,-31.5,1.32774,-27.8
65,-34.83334,6.924601,-31.13334,-38.16667,1.32774,-34.46667,-31.5,4.32774,-27.8
66,-34.83334,6.755204,-24.46667,-38.16667,-1.67226,-27.8,-31.5,1.32774,-21.13333
67,-34.83334,9.755204,-24.46667,-38.16667,1.32774,-27.8,-31.5,4.32774,-21.13333
68,-34.83334,8.808064,-17.8,-38.16667,-1.67226,-21.13333,-31.5,1.32774,-14.46667
69,-34.83334,11.80806,-17.8,-38.16667,1.32774,-21.13333,-31.5,4.32774,-14.46667
70,-34.83334,8.645094,-11.13333,-38.16667,-1.67226,-14.46667,-31.5,1.32774,-7.800001
71,-34.83334,11.64509,-11.13333,-38.16667,1.32774,-14.46667,-31.5,4.32774,-7.800001
72,-34.83334,7.112753,-4.466667,-38.16667,-1.67226,-7.8,-31.5,1.32774,-1.133334
73,-34.83334,10.11275,-4.466667,-38.16667,1.32774,-7.8,-31.5,4.32774,-1.133334
74,-34.83334,6.219821,2.2,-38.16667,-1.67226,-1.133334,-31.5,1.32774,5.533333
75,-34.83334,9.219821,2.2,-38.16667,1.32774,-1.133334,-31.5,4.32774,5.533333
76,-34.83334,6.142233,8.866666,-38.16667,-1.67226,5.533333,-31.5,1.32774,12.2
77,-34.83334,9.142233,8.866666,-38.16667,1.32774,5.533333,-31.5,4.32774,12.2
78,-34.83334,5.575357,15.53333,-38.16667,-1.67226,12.2,-31.5,1.32774,18.86666
79,-34.83334,8.575357,15.53333,-38.16667,1.32774,12.2,-31.5,4.32774,18.86666
80,-34.83334,3.218418,22.2,-38.16667,-1.67226,18.86666,-31.5,1.32774,25.53333
81,-34.83334,6.218418,22.2,-38.16667,1.32774,18.86666,-31.5,4.32774,25.53333
82,-34.83334,1.799998,28.86667,-38.16667,-1.67226,25.53333,-31.5,1.32774,32.2
83,-34.83334,4.799998,28.86667,-38.16667,1.32774,25.53333,-31.5,4.32774,32.2
84,-34.83334,1.799998,35.53333,-38.16667,-1.67226,32.2,-31.5,1.32774,38.86666
85,-34.83334,4.799998,35.53333,-38.16667,1.32774,32.2,-31.5,4.32774,38.86666
86,-34.83334,1.799998,42.2,-38.16667,-1.67226,38.86666,-31.5,1.32774,45.53333
87,-34.83334,4.799997,42.2,-38.16667,1.32774,38.86666,-31.5,4.32774,45.53333
88,-34.83334,2.43536,48.86667,-38.16667,-1.67226,45.53333,-31.5,1.32774,52.2
89,-34.83334,5.43536,48.86667,-38.16667,1.32774,45.53333,-31.5,4.32774,52.2
90,-28.16667,2.02364,-44.46667,-31.5,-1.67226,-47.8,-24.83333,1.32774,-41.13333
91,-28.16667,5.02364,-44.46667,-31.5,1.32774,-47.8,-24.83333,4.32774,-41.13333
92,-28.16667,1.989479,-37.8,-31.5,-1.67226,-41.13333,-24.83333,1.32774,-34.46666
93,-28.16667,4.989479,-37.8,-31.5,1.32774,-41.13333,-24.83333,4.32774,-34.46666
94,-28.16667,2.517767,-31.13334,-31.5,-1.67226,-34.46667,-24.83333,1.32774,-27.8
95,-28.16667,5.517767,-31.13334,-31.5,1.32774,-34.46667,-24.83333,4.32774,-27.8
96,-28.16667,4.790682,-24.46667,-31.5,-1.67226,-27.8,-24.83333,1.32774,-21.13333
97,-28.16667,7.790682,-24.46667,-31.5,1.32774,-27.8,-24.83333,4.32774,-21.13333
98,-28.16667,6.807578,-17.8,-31.5,-1.67226,-21.13333,-24.83333,1.32774,-14.46667
99,-28.16667,9.807578,-17.8,-31.5,1.32774,-21.13333,-24.83333,4.32774,-14.46667
100,-28.16667,7.236662,-11.13333,-31.5,-1.67226,-14.46667,-24.83333,1.32774,-7.800001
101,-28.16667,10.23666,-11.13333,-31.5,1.32774,-14.46667,-24.83333,4.32774,-7.800001
102,-28.16667,6.535073,-4.466667,-31.5,-1.67226,-7.8,-24.83333,1.32774,-1.133334
103,-28.16667,9.535073,-4.466667,-31.5,1.32774,-7.8,-24.83333,4.32774,-1.133334
104,-28.16667,6.221536,2.2,-31.5,-1.67226,-1.133334,-24.83333,1.32774,5.533333
105,-28.16667,9.221536,2.2,-31.5,1.32774,-1.133334,-24.83333,4.32774,5.533333
106,-28.16667,6.671442,8.866666,-31.5,-1.67226,5.533333,-24.83333,1.32774,12.2
107,-28.16667,9.671442,8.866666,-31.5,1.32774,5.533333,-24.83333,4.32774,12.2
108,-28.16667,6.850369,15.53333,-31.5,-1.67226,12.2,-24.83333,1.32774,18.86666
109,-28.16667,9.850369,15.53333,-31.5,1.32774,12.2,-24.83333,4.32774,18.86666
110,-28.16667,4.627893,22.2,-31.5,-1.67226,18.86666,-24.83333,1.32774,25.53333
111,-28.16667,7.627893,22.2,-31.5,1.32774,18.86666,-24.83333,4.32774,25.53333
112,-28.16667,2.57148,28.86667,-31.5,-1.67226,25.53333,-24.83333,1.32774,32.2
113,-28.16667,5.57148,28.86667,-31.5,1.32774,25.53333,-24.83333,4.32774,32.2
114,-28.16667,1.799998,35.53333,-31.5,-1.67226,32.2,-24.83333,1.32774,38.86666
115,-28.16667,4.799998,35.53333,-31.5,1.32774,32.2,-24.83333,4.32774,38.86666
116,-28.16667,1.799998,42.2,-31.5,-1.67226,38.86666,-24.83333,1.32774,45.53333
117,-28.16667,4.799997,42.2,-31.5,1.32774,38.86666,-24.83333,4.32774,45.53333
118,-28.16667,2.578799,48.86667,-31.5,-1.67226,45.53333,-24.83333,1.32774,52.2
119,-28.16667,5.578798,48.86667,-31.5,1.32774,45.53333,-24.83333,4.32774,52.2
120,-21.5,2.144671,-44.46667,-24.83333,-1.67226,-47.8,-18.16667,1.32774,-41.13333
121,-21.5,5.14467,-44.46667,-24.83333,1.32774,-47.8,-18.16667,4.32774,-41.13333
122,-21.5,1.998089,-37.8,-24.83333,-1.67226,-41.13333,-18.16667,1.32774,-34.46666
123,-21.5,4.998089,-37.8,-24.83333,1.32774,-41.13333,-18.16667,4.32774,-34.46666
124,-21.5,2.026713,-31.13334,-24.83333,-1.67226,-34.46667,-18.16667,1.32774,-27.8
125,-21.5,5.026712,-31.13334,-24.83333,1.32774,-34.46667,-18.16667,4.32774,-27.8
126,-21.5,2.748827,-24.46667,-24.83333,-1.67226,-27.8,-18.16667,1.32774,-21.13333
127,-21.5,5.748827,-24.46667,-24.83333,1.32774,-27.8,-18.16667,4.32774,-21.13333
128,-21.5,4.32851,-17.8,-24.83333,-1.67226,-21.13333,-18.16667,1.32774,-14.46667
129,-21.5,7.32851,-17.8,-24.83333,1.32774,-21.13333,-18.16667,4.32774,-14.46667
130,-21.5,5.489879,-11.13333,-24.83333,-1.67226,-14.46667,-18.16667,1.32774,-7.800001
131,-21.5,8.489879,-11.13333,-24.83333,1.32774,-14.46667,-18.16667,4.32774,-7.800001
132,-21.5,6.032914,-4.466667,-24.83333,-1.67226,-7.8,-18.16667,1.32774,-1.133334
133,-21.5,9.032914,-4.466667,-24.83333,1.32774,-7.8,-18.16667,4.32774,-1.133334
134,-21.5,6.349787,2.2,-24.83333,-1.67226,-1.133334,-18.16667,1.32774,5.533333
135,-21.5,9.349787,2.2,-24.83333,1.32774,-1.133334,-18.16667,4.32774,5.533333
136,-21.5,6.9912,8.866666,-24.83333,-1.67226,5.533333,-18.16667,1.32774,12.2
137,-21.5,9.9912,8.866666,-24.83333,1.32774,5.533333,-18.16667,4.32774,12.2
138,-21.5,7.608477,15.53333,-24.83333,-1.67226,12.2,-18.16667,1.32774,18.86666
139,-21.5,10.60848,15.53333,-24.83333,1.32774,12.2,-18.16667,4.32774,18.86666
140,-21.5,6.939506,22.2,-24.83333,-1.67226,18.86666,-18.16667,1.32774,25.53333
141,-21.5,9.939506,22.2,-24.83333,1.32774,18.86666,-18.16667,4.32774,25.53333
142,-21.5,3.163168,28.86667,-24.83333,-1.67226,25.53333,-18.16667,1.32774,32.2
143,-21.5,6.163168,28.86667,-24.83333,1.32774,25.53333,-18.16667,4.32774,32.2
144,-21.5,1.799998,35.53333,-24.83333,-1.67226,32.2,-18.16667,1.32774,38.86666
145,-21.5,4.799998,35.53333,-24.83333,1.32774,32.2,-18.16667,4.32774,38.86666
146,-21.5,1.799998,42.2,-24.83333,-1.67226,38.86666,-18.16667,1.32774,45.53333
147,-21.5,4.799997,42.2,-24.83333,1.32774,38.86666,-18.16667,4.32774,45.53333
148,-21.5,2.678156,48.86667,-24.83333,-1.67226,45.53333,-18.16667,1.32774,52.2
149,-21.5,5.678156,48.86667,-24.83333,1.32774,45.53333,-18.16667,4.32774,52.2
150,-14.83333,2.34659,-44.46667,-18.16667,-1.67226,-47.8,-11.5,1.32774,-41.13333
151,-14.83333,5.34659,-44.46667,-18.16667,1.32774,-47.8,-11.5,4.32774,-41.13333
152,-14.83333,2.505993,-37.8,-18.16667,-1.67226,-41.13333,-11.5,1.32774,-34.46666
153,-14.83333,5.505993,-37.8,-18.16667,1.32774,-41.13333,-11.5,4.32774,-34.46666
154,-14.83333,2.095766,-31.13334,-18.16667,-1.67226,-34.46667,-11.5,1.32774,-27.8
155,-14.83333,5.095766,-31.13334,-18.16667,1.32774,-34.46667,-11.5,4.32774,-27.8
156,-14.83333,2.012541,-24.46667,-18.16667,-1.67226,-27.8,-11.5,1.32774,-21.13333
157,-14.83333,5.012541,-24.46667,-18.16667,1.32774,-27.8,-11.5,4.32774,-21.13333
158,-14.83333,2.419977,-17.8,-18.16667,-1.67226,-21.13333,-11.5,1.32774,-14.46667
159,-14.83333,5.419977,-17.8,-18.16667,1.32774,-21.13333,-11.5,4.32774,-14.46667
160,-14.83333,3.588251,-11.13333,-18.16667,-1.67226,-14.46667,-11.5,1.32774,-7.800001
161,-14.83333,6.588251,-11.13333,-18.16667,1.32774,-14.46667,-11.5,4.32774,-7.800001
162,-14.83333,4.771923,-4.466667,-18.16667,-1.67226,-7.8,-11.5,1.32774,-1.133334
163,-14.83333,7.771923,-4.466667,-18.16667,1.32774,-7.8,-11.5,4.32774,-1.133334
164,-14.83333,5.44775,2.2,-18.16667,-1.67226,-1.133334,-11.5,1.32774,5.533333
165,-14.83333,8.44775,2.2,-18.16667,1.32774,-1.133334,-11.5,4.32774,5.533333
166,-14.83333,6.370236,8.866666,-18.16667,-1.67226,5.533333,-11.5,1.32774,12.2
167,-14.83333,9.370236,8.866666,-18.16667,1.32774,5.533333,-11.5,4.32774,12.2
168,-14.83333,7.072204,15.53333,-18.16667,-1.67226,12.2,-11.5,1.32774,18.86666
169,-14.83333,10.0722,15.53333,-18.16667,1.32774,12.2,-11.5,4.32774,18.86666
170,-14.83333,7.091337,22.2,-18.16667,-1.67226,18.86666,-11.5,1.32774,25.53333
171,-14.83333,10.09134,22.2,-18.16667,1.32774,18.86666,-11.5,4.32774,25.53333
172,-14.83333,3.452353,28.86667,-18.16667,-1.67226,25.53333,-11.5,1.32774,32.2
173,-14.83333,6.452353,28.86667,-18.16667,1.32774,25.53333,-11.5,4.32774,32.2
174,-14.83333,2.365957,35.53333,-18.16667,-1.67226,32.2,-11.5,1.32774,38.86666
175,-14.83333,5.365957,35.53333,-18.16667,1.32774,32.2,-11.5,4.32774,38.86666
176,-14.83333,1.799998,42.2,-18.16667,-1.67226,38.86666,-11.5,1.32774,45.53333
177,-14.83333,4.799997,42.2,-18.16667,1.32774,38.86666,-11.5,4.32774,45.53333
178,-14.83333,2.38517,48.86667,-18.16667,-1.67226,45.53333,-11.5,1.32774,52.2
179,-14.83333,5.38517,48.86667,-18.16667,1.32774,45.53333,-11.5,4.32774,52.2
180,-8.166668,2.343071,-44.46667,-11.5,-1.67226,-47.8,-4.833334,1.32774,-41.13333
181,-8.166668,5.343071,-44.46667,-11.5,1.32774,-47.8,-4.833334,4.32774,-41.13333
182,-8.166668,3.427126,-37.8,-11.5,-1.67226,-41.13333,-4.833334,1.32774,-34.46666
183,-8.166668,6.427126,-37.8,-11.5,1.32774,-41.13333,-4.833334,4.32774,-34.46666
184,-8.166668,3.97176,-31.13334,-11.5,-1.67226,-34.46667,-4.833334,1.32774,-27.8
185,-8.166668,6.97176,-31.13334,-11.5,1.32774,-34.46667,-4.833334,4.32774,-27.8
186,-8.166668,2.231381,-24.46667,-11.5,-1.67226,-27.8,-4.833334,1.32774,-21.13333
187,-8.166668,5.23138,-24.46667,-11.5,1.32774,-27.8,-4.833334,4.32774,-21.13333
188,-8.166668,2.006554,-17.8,-11.5,-1.67226,-21.13333,-4.833334,1.32774,-14.46667
189,-8.166668,5.006554,-17.8,-11.5,1.32774,-21.13333,-4.833334,4.32774,-14.46667
190,-8.166668,2.120362,-11.13333,-11.5,-1.67226,-14.46667,-4.833334,1.32774,-7.800001
191,-8.166668,5.120361,-11.13333,-11.5,1.32774,-14.46667,-4.833334,4.32774,-7.800001
192,-8.166668,2.51734,-4.466667,-11.5,-1.67226,-7.8,-4.833334,1.32774,-1.133334
193,-8.166668,5.51734,-4.466667,-11.5,1.32774,-7.8,-4.833334,4.32774,-1.133334
194,-8.166668,2.918905,2.2,-11.5,-1.67226,-1.133334,-4.833334,1.32774,5.533333
195,-8.166668,5.918905,2.2,-11.5,1.32774,-1.133334,-4.833334,4.32774,5.533333
196,-8.166668,3.311083,8.866666,-11.5,-1.67226,5.533333,-4.833334,1.32774,12.2
197,-8.166668,6.311083,8.866666,-11.5,1.32774,5.533333,-4.833334,4.32774,12.2
198,-8.166668,3.656121,15.53333,-11.5,-1.67226,12.2,-4.833334,1.32774,18.86666
199,-8.166668,6.65612,15.53333,-11.5,1.32774,12.2,-4.833334,4.32774,18.86666
200,-8.166668,3.573088,22.2,-11.5,-1.67226,18.86666,-4.833334,1.32774,25.53333
201,-8.166668,6.573088,22.2,-11.5,1.32774,18.86666,-4.833334,4.32774,25.53333
202,-8.166668,2.859167,28.86667,-11.5,-1.67226,25.53333,-4.833334,1.32774,32.2
203,-8.166668,5.859167,28.86667,-11.5,1.32774,25.53333,-4.833334,4.32774,32.2
204,-8.166668,2.322657,35.53333,-11.5,-1.67226,32.2,-4.833334,1.32774,38.86666
205,-8.166668,5.322657,35.53333,-11.5,1.32774,32.2,-4.833334,4.32774,38.86666
206,-8.166668,1.799998,42.2,-11.5,-1.67226,38.86666,-4.833334,1.32774,45.53333
207,-8.166668,4.799997,42.2,-11.5,1.32774,38.86666,-4.833334,4.32774,45.53333
208,-8.166668,1.799998,48.86667,-11.5,-1.67226,45.53333,-4.833334,1.32774,52.2
209,-8.166668,4.799997,48.86667,-11.5,1.32774,45.53333,-4.833334,4.32774,52.2
210,-1.500001,2.359856,-44.46667,-4.833334,-1.67226,-47.8,1.833332,1.32774,-41.13333
211,-1.500001,5.359856,-44.46667,-4.833334,1.32774,-47.8,1.833332,4.32774,-41.13333
212,-1.500001,3.325461,-37.8,-4.833334,-1.67226,-41.13333,1.833332,1.32774,-34.46666
213,-1.500001,6.32546,-37.8,-4.833334,1.32774,-41.13333,1.833332,4.32774,-34.46666
214,-1.500001,5.48846,-31.13334,-4.833334,-1.67226,-34.46667,1.833332,1.32774,-27.8
215,-1.500001,8.48846,-31.13334,-4.833334,1.32774,-34.46667,1.833332,4.32774,-27.8
216,-1.500001,4.142818,-24.46667,-4.833334,-1.67226,-27.8,1.833332,1.32774,-21.13333
217,-1.500001,7.142818,-24.46667,-4.833334,1.32774,-27.8,1.833332,4.32774,-21.13333
218,-1.500001,2.129009,-17.8,-4.833334,-1.67226,-21.13333,1.833332,1.32774,-14.46667
219,-1.500001,5.129009,-17.8,-4.833334,1.32774,-21.13333,1.833332,4.32774,-14.46667
220,-1.500001,1.936783,-11.13333,-4.833334,-1.67226,-14.46667,1.833332,1.32774,-7.800001
221,-1.500001,4.936783,-11.13333,-4.833334,1.32774,-14.46667,1.833332,4.32774,-7.800001
222,-1.500001,1.942049,-4.466667,-4.833334,-1.67226,-7.8,1.833332,1.32774,-1.133334
223,-1.500001,4.942049,-4.466667,-4.833334,1.32774,-7.8,1.833332,4.32774,-1.133334
224,-1.500001,1.975165,2.2,-4.833334,-1.67226,-1.133334,1.833332,1.32774,5.533333
225,-1.500001,4.975164,2.2,-4.833334,1.32774,-1.133334,1.833332,4.32774,5.533333
226,-1.500001,1.988356,8.866666,-4.833334,-1.67226,5.533333,1.833332,1.32774,12.2
227,-1.500001,4.988356,8.866666,-4.833334,1.32774,5.533333,1.833332,4.32774,12.2
228,-1.500001,2.044205,15.53333,-4.833334,-1.67226,12.2,1.833332,1.32774,18.86666
229,-1.500001,5.044205,15.53333,-4.833334,1.32774,12.2,1.833332,4.32774,18.86666
230,-1.500001,2.3202,22.2,-4.833334,-1.67226,18.86666,1.833332,1.32774,25.53333
231,-1.500001,5.3202,22.2,-4.833334,1.32774,18.86666,1.833332,4.32774,25.53333
232,-1.500001,2.300713,28.86667,-4.833334,-1.67226,25.53333,1.833332,1.32774,32.2
233,-1.500001,5.300713,28.86667,-4.833334,1.32774,25.53333,1.833332,4.32774,32.2
234,-1.500001,1.922169,35.53333,-4.833334,-1.67226,32.2,1.833332,1.32774,38.86666
235,-1.500001,4.922169,35.53333,-4.833334,1.32774,32.2,1.833332,4.32774,38.86666
236,-1.500001,1.799998,42.2,-4.833334,-1.67226,38.86666,1.833332,1.32774,45.53333
237,-1.500001,4.799997,42.2,-4.833334,1.32774,38.86666,1.833332,4.32774,45.53333
238,-1.500001,1.799998,48.86667,-4.833334,-1.67226,45.53333,1.833332,1.32774,52.2
239,-1.500001,4.799997,48.86667,-4.833334,1.32774,45.53333,1.833332,4.32774,52.2
240,5.166665,2.330963,-44.46667,1.833332,-1.67226,-47.8,8.499998,1.32774,-41.13333
241,5.166665,5.330963,-44.46667,1.833332,1.32774,-47.8,8.499998,4.32774,-41.13333
242,5.166665,3.278828,-37.8,1.833332,-1.67226,-41.13333,8.499998,1.32774,-34.46666
243,5.166665,6.278828,-37.8,1.833332,1.32774,-41.13333,8.499998,4.32774,-34.46666
244,5.166665,5.657581,-31.13334,1.833332,-1.67226,-34.46667,8.499998,1.32774,-27.8
245,5.166665,8.657581,-31.13334,1.833332,1.32774,-34.46667,8.499998,4.32774,-27.8
246,5.166665,4.629032,-24.46667,1.833332,-1.67226,-27.8,8.499998,1.32774,-21.13333
247,5.166665,7.629032,-24.46667,1.833332,1.32774,-27.8,8.499998,4.32774,-21.13333
248,5.166665,2.261845,-17.8,1.833332,-1.67226,-21.13333,8.499998,1.32774,-14.46667
249,5.166665,5.261845,-17.8,1.833332,1.32774,-21.13333,8.499998,4.32774,-14.46667
250,5.166665,2.060431,-11.13333,1.833332,-1.67226,-14.46667,8.499998,1.32774,-7.800001
251,5.166665,5.060431,-11.13333,1.833332,1.32774,-14.46667,8.499998,4.32774,-7.800001
252,5.166665,1.799999,-4.466667,1.833332,-1.67226,-7.8,8.499998,1.32774,-1.133334
253,5.166665,4.799999,-4.466667,1.833332,1.32774,-7.8,8.499998,4.32774,-1.133334
254,5.166665,1.799999,2.2,1.833332,-1.67226,-1.133334,8.499998,1.32774,5.533333
255,5.166665,4.799999,2.2,1.833332,1.32774,-1.133334,8.499998,4.32774,5.533333
256,5.166665,1.799999,8.866666,1.833332,-1.67226,5.533333,8.499998,1.32774,12.2
257,5.166665,4.799999,8.866666,1.833332,1.32774,5.533333,8.499998,4.32774,12.2
258,5.166665,1.799999,15.53333,1.833332,-1.67226,12.2,8.499998,1.32774,18.86666
259,5.166665,4.799999,15.53333,1.833332,1.32774,12.2,8.499998,4.32774,18.86666
260,5.166665,1.799999,22.2,1.833332,-1.67226,18.86666,8.499998,1.32774,25.53333
261,5.166665,4.799998,22.2,1.833332,1.32774,18.86666,8.499998,4.32774,25.53333
262,5.166665,1.799998,28.86667,1.833332,-1.67226,25.53333,8.499998,1.32774,32.2
263,5.166665,4.799998,28.86667,1.833332,1.32774,25.53333,8.499998,4.32774,32.2
264,5.166665,1.873333,35.53333,1.833332,-1.67226,32.2,8.499998,1.32774,38.86666
265,5.166665,4.873333,35.53333,1.833332,1.32774,32.2,8.499998,4.32774,38.86666
266,5.166665,2.640398,42.2,1.833332,-1.67226,38.86666,8.499998,1.32774,45.53333
267,5.166665,5.640398,42.2,1.833332,1.32774,38.86666,8.499998,4.32774,45.53333
268,5.166665,1.799998,48.86667,1.833332,-1.67226,45.53333,8.499998,1.32774,52.2
269,5.166665,4.799997,48.86667,1.833332,1.32774,45.53333,8.499998,4.32774,52.2
270,11.83333,2.179274,-44.46667,8.499998,-1.67226,-47.8,15.16666,1.32774,-41.13333
271,11.83333,5.179274,-44.46667,8.499998,1.32774,-47.8,15.16666,4.32774,-41.13333
272,11.83333,3.200123,-37.8,8.499998,-1.67226,-41.13333,15.16666,1.32774,-34.46666
273,11.83333,6.200123,-37.8,8.499998,1.32774,-41.13333,15.16666,4.32774,-34.46666
274,11.83333,3.842398,-31.13334,8.499998,-1.67226,-34.46667,15.16666,1.32774,-27.8
275,11.83333,6.842398,-31.13334,8.499998,1.32774,-34.46667,15.16666,4.32774,-27.8
276,11.83333,2.450367,-24.46667,8.499998,-1.67226,-27.8,15.16666,1.32774,-21.13333
277,11.83333,5.450367,-24.46667,8.499998,1.32774,-27.8,15.16666,4.32774,-21.13333
278,11.83333,1.8,-17.8,8.499998,-1.67226,-21.13333,15.16666,1.32774,-14.46667
279,11.83333,4.8,-17.8,8.499998,1.32774,-21.13333,15.16666,4.32774,-14.46667
280,11.83333,1.8,-11.13333,8.499998,-1.67226,-14.46667,15.16666,1.32774,-7.800001
281,11.83333,4.8,-11.13333,8.499998,1.32774,-14.46667,15.16666,4.32774,-7.800001
282,11.83333,2.366196,-4.466667,8.499998,-1.67226,-7.8,15.16666,1.32774,-1.133334
283,11.83333,5.366196,-4.466667,8.499998,1.32774,-7.8,15.16666,4.32774,-1.133334
284,11.83333,3.951382,2.2,8.499998,-1.67226,-1.133334,15.16666,1.32774,5.533333
285,11.83333,6.951382,2.2,8.499998,1.32774,-1.133334,15.16666,4.32774,5.533333
286,11.83333,4.229887,8.866666,8.499998,-1.67226,5.533333,15.16666,1.32774,12.2
287,11.83333,7.229887,8.866666,8.499998,1.32774,5.533333,15.16666,4.32774,12.2
288,11.83333,3.102478,15.53333,8.499998,-1.67226,12.2,15.16666,1.32774,18.86666
289,11.83333,6.102478,15.53333,8.499998,1.32774,12.2,15.16666,4.32774,18.86666
290,11.83333,2.361613,22.2,8.499998,-1.67226,18.86666,15.16666,1.32774,25.53333
291,11.83333,5.361612,22.2,8.499998,1.32774,18.86666,15.16666,4.32774,25.53333
292,11.83333,1.799998,28.86667,8.499998,-1.67226,25.53333,15.16666,1.32774,32.2
293,11.83333,4.799998,28.86667,8.499998,1.32774,25.53333,15.16666,4.32774,32.2
294,11.83333,2.308905,35.53333,8.499998,-1.67226,32.2,15.16666,1.32774,38.86666
295,11.83333,5.308905,35.53333,8.499998,1.32774,32.2,15.16666,4.32774,38.86666
296,11.83333,1.799998,42.2,8.499998,-1.67226,38.86666,15.16666,1.32774,45.53333
297,11.83333,4.799997,42.2,8.499998,1.32774,38.86666,15.16666,4.32774,45.53333
298,11.83333,1.799998,48.86667,8.499998,-1.67226,45.53333,15.16666,1.32774,52.2
299,11.83333,4.799997,48.86667,8.499998,1.32774,45.53333,15.16666,4.32774,52.2
300,18.5,1.800001,-44.46667,15.16667,-1.67226,-47.8,21.83333,1.32774,-41.13333
301,18.5,4.800001,-44.46667,15.16667,1.32774,-47.8,21.83333,4.32774,-41.13333
302,18.5,2.198693,-37.8,15.16667,-1.67226,-41.13333,21.83333,1.32774,-34.46666
303,18.5,5.198692,-37.8,15.16667,1.32774,-41.13333,21.83333,4.32774,-34.46666
304,18.5,1.800001,-31.13334,15.16667,-1.67226,-34.46667,21.83333,1.32774,-27.8
305,18.5,4.800001,-31.13334,15.16667,1.32774,-34.46667,21.83333,4.32774,-27.8
306,18.5,1.8,-24.46667,15.16667,-1.67226,-27.8,21.83333,1.32774,-21.13333
307,18.5,4.8,-24.46667,15.16667,1.32774,-27.8,21.83333,4.32774,-21.13333
308,18.5,1.8,-17.8,15.16667,-1.67226,-21.13333,21.83333,1.32774,-14.46667
309,18.5,4.8,-17.8,15.16667,1.32774,-21.13333,21.83333,4.32774,-14.46667
310,18.5,2.641861,-11.13333,15.16667,-1.67226,-14.46667,21.83333,1.32774,-7.800001
311,18.5,5.641861,-11.13333,15.16667,1.32774,-14.46667,21.83333,4.32774,-7.800001
312,18.5,2.688654,-4.466667,15.16667,-1.67226,-7.8,21.83333,1.32774,-1.133334
313,18.5,5.688654,-4.466667,15.16667,1.32774,-7.8,21.83333,4.32774,-1.133334
314,18.5,3.572418,2.2,15.16667,-1.67226,-1.133334,21.83333,1.32774,5.533333
315,18.5,6.572418,2.2,15.16667,1.32774,-1.133334,21.83333,4.32774,5.533333
316,18.5,3.432055,8.866666,15.16667,-1.67226,5.533333,21.83333,1.32774,12.2
317,18.5,6.432055,8.866666,15.16667,1.32774,5.533333,21.83333,4.32774,12.2
318,18.5,2.800257,15.53333,15.16667,-1.67226,12.2,21.83333,1.32774,18.86666
319,18.5,5.800257,15.53333,15.16667,1.32774,12.2,21.83333,4.32774,18.86666
320,18.5,2.601238,22.2,15.16667,-1.67226,18.86666,21.83333,1.32774,25.53333
321,18.5,5.601238,22.2,15.16667,1.32774,18.86666,21.83333,4.32774,25.53333
322,18.5,2.424959,28.86667,15.16667,-1.67226,25.53333,21.83333,1.32774,32.2
323,18.5,5.424959,28.86667,15.16667,1.32774,25.53333,21.83333,4.32774,32.2
324,18.5,1.799998,35.53333,15.16667,-1.67226,32.2,21.83333,1.32774,38.86666
325,18.5,4.799998,35.53333,15.16667,1.32774,32.2,21.83333,4.32774,38.86666
326,18.5,1.799998,42.2,15.16667,-1.67226,38.86666,21.83333,1.32774,45.53333
327,18.5,4.799997,42.2,15.16667,1.32774,38.86666,21.83333,4.32774,45.53333
328,18.5,1.799998,48.86667,15.16667,-1.67226,45.53333,21.83333,1.32774,52.2
329,18.5,4.799997,48.86667,15.16667,1.32774,45.53333,21.83333,4.32774,52.2
330,25.16666,1.800001,-44.46667,21.83333,-1.67226,-47.8,28.5,1.32774,-41.13333
331,25.16666,4.800001,-44.46667,21.83333,1.32774,-47.8,28.5,4.32774,-41.13333
332,25.16666,1.800001,-37.8,21.83333,-1.67226,-41.13333,28.5,1.32774,-34.46666
333,25.16666,4.800001,-37.8,21.83333,1.32774,-41.13333,28.5,4.32774,-34.46666
334,25.16666,2.490416,-31.13334,21.83333,-1.67226,-34.46667,28.5,1.32774,-27.8
335,25.16666,5.490416,-31.13334,21.83333,1.32774,-34.46667,28.5,4.32774,-27.8
336,25.16666,2.131188,-24.46667,21.83333,-1.67226,-27.8,28.5,1.32774,-21.13333
337,25.16666,5.131187,-24.46667,21.83333,1.32774,-27.8,28.5,4.32774,-21.13333
338,25.16666,2.187773,-17.8,21.83333,-1.67226,-21.13333,28.5,1.32774,-14.46667
339,25.16666,5.187773,-17.8,21.83333,1.32774,-21.13333,28.5,4.32774,-14.46667
340,25.16666,3.557705,-11.13333,21.83333,-1.67226,-14.46667,28.5,1.32774,-7.800001
341,25.16666,6.557705,-11.13333,21.83333,1.32774,-14.46667,28.5,4.32774,-7.800001
342,25.16666,2.778809,-4.466667,21.83333,-1.67226,-7.8,28.5,1.32774,-1.133334
343,25.16666,5.778809,-4.466667,21.83333,1.32774,-7.8,28.5,4.32774,-1.133334
344,25.16666,2.72716,2.2,21.83333,-1.67226,-1.133334,28.5,1.32774,5.533333
345,25.16666,5.72716,2.2,21.83333,1.32774,-1.133334,28.5,4.32774,5.533333
346,25.16666,2.794487,8.866666,21.83333,-1.67226,5.533333,28.5,1.32774,12.2
347,25.16666,5.794487,8.866666,21.83333,1.32774,5.533333,28.5,4.32774,12.2
348,25.16666,2.694268,15.53333,21.83333,-1.67226,12.2,28.5,1.32774,18.86666
349,25.16666,5.694267,15.53333,21.83333,1.32774,12.2,28.5,4.32774,18.86666
350,25.16666,2.652725,22.2,21.83333,-1.67226,18.86666,28.5,1.32774,25.53333
351,25.16666,5.652725,22.2,21.83333,1.32774,18.86666,28.5,4.32774,25.53333
352,25.16666,2.596413,28.86667,21.83333,-1.67226,25.53333,28.5,1.32774,32.2
353,25.16666,5.596413,28.86667,21.83333,1.32774,25.53333,28.5,4.32774,32.2
354,25.16666,2.29884,35.53333,21.83333,-1.67226,32.2,28.5,1.32774,38.86666
355,25.16666,5.29884,35.53333,21.83333,1.32774,32.2,28.5,4.32774,38.86666
356,25.16666,1.799998,42.2,21.83333,-1.67226,38.86666,28.5,1.32774,45.53333
357,25.16666,4.799997,42.2,21.83333,1.32774,38.86666,28.5,4.32774,45.53333
358,25.16666,1.799998,48.86667,21.83333,-1.67226,45.53333,28.5,1.32774,52.2
359,25.16666,4.799997,48.86667,21.83333,1.32774,45.53333,28.5,4.32774,52.2
360,31.83333,1.800001,-44.46667,28.5,-1.67226,-47.8,35.16666,1.32774,-41.13333
361,31.83333,4.800001,-44.46667,28.5,1.32774,-47.8,35.16666,4.32774,-41.13333
362,31.83333,1.800001,-37.8,28.5,-1.67226,-41.13333,35.16666,1.32774,-34.46666
363,31.83333,4.800001,-37.8,28.5,1.32774,-41.13333,35.16666,4.32774,-34.46666
364,31.83333,3.138115,-31.13334,28.5,-1.67226,-34.46667,35.16666,1.32774,-27.8
365,31.83333,6.138115,-31.13334,28.5,1.32774,-34.46667,35.16666,4.32774,-27.8
366,31.83333,2.39674,-24.46667,28.5,-1.67226,-27.8,35.16666,1.32774,-21.13333
367,31.83333,5.39674,-24.46667,28.5,1.32774,-27.8,35.16666,4.32774,-21.13333
368,31.83333,2.73592,-17.8,28.5,-1.67226,-21.13333,35.16666,1.32774,-14.46667
369,31.83333,5.73592,-17.8,28.5,1.32774,-21.13333,35.16666,4.32774,-14.46667
370,31.83333,3.980139,-11.13333,28.5,-1.67226,-14.46667,35.16666,1.32774,-7.800001
371,31.83333,6.980139,-11.13333,28.5,1.32774,-14.46667,35.16666,4.32774,-7.800001
372,31.83333,3.120194,-4.466667,28.5,-1.67226,-7.8,35.16666,1.32774,-1.133334
373,31.83333,6.120193,-4.466667,28.5,1.32774,-7.8,35.16666,4.32774,-1.133334
374,31.83333,2.692091,2.2,28.5,-1.67226,-1.133334,35.16666,1.32774,5.533333
375,31.83333,5.692091,2.2,28.5,1.32774,-1.133334,35.16666,4.32774,5.533333
376,31.83333,2.684836,8.866666,28.5,-1.67226,5.533333,35.16666,1.32774,12.2
377,31.83333,5.684835,8.866666,28.5,1.32774,5.533333,35.16666,4.32774,12.2
378,31.83333,2.661587,15.53333,28.5,-1.67226,12.2,35.16666,1.32774,18.86666
379,31.83333,5.661587,15.53333,28.5,1.32774,12.2,35.16666,4.32774,18.86666
380,31.83333,2.65082,22.2,28.5,-1.67226,18.86666,35.16666,1.32774,25.53333
381,31.83333,5.65082,22.2,28.5,1.32774,18.86666,35.16666,4.32774,25.53333
382,31.83333,2.636067,28.86667,28.5,-1.67226,25.53333,35.16666,1.32774,32.2
383,31.83333,5.636066,28.86667,28.5,1.32774,25.53333,35.16666,4.32774,32.2
384,31.83333,2.536995,35.53333,28.5,-1.67226,32.2,35.16666,1.32774,38.86666
385,31.83333,5.536995,35.53333,28.5,1.32774,32.2,35.16666,4.32774,38.86666
386,31.83333,1.799998,42.2,28.5,-1.67226,38.86666,35.16666,1.32774,45.53333
387,31.83333,4.799997,42.2,28.5,1.32774,38.86666,35.16666,4.32774,45.53333
388,31.83333,1.799998,48.86667,28.5,-1.67226,45.53333,35.16666,1.32774,52.2
389,31.83333,4.799997,48.86667,28.5,1.32774,45.53333,35.16666,4.32774,52.2
390,38.5,1.800001,-44.46667,35.16666,-1.67226,-47.8,41.83333,1.32774,-41.13333
391,38.5,4.800001,-44.46667,35.16666,1.32774,-47.8,41.83333,4.32774,-41.13333
392,38.5,1.800001,-37.8,35.16666,-1.67226,-41.13333,41.83333,1.32774,-34.46666
393,38.5,4.800001,-37.8,35.16666,1.32774,-41.13333,41.83333,4.32774,-34.46666
394,38.5,1.800001,-31.13334,35.16666,-1.67226,-34.46667,41.83333,1.32774,-27.8
395,38.5,4.800001,-31.13334,35.16666,1.32774,-34.46667,41.83333,4.32774,-27.8
396,38.5,1.8,-24.46667,35.16666,-1.67226,-27.8,41.83333,1.32774,-21.13333
397,38.5,4.8,-24.46667,35.16666,1.32774,-27.8,41.83333,4.32774,-21.13333
398,38.5,2.121517,-17.8,35.16666,-1.67226,-21.13333,41.83333,1.32774,-14.46667
399,38.5,5.121517,-17.8,35.16666,1.32774,-21.13333,41.83333,4.32774,-14.46667
400,38.5,4.453341,-11.13333,35.16666,-1.67226,-14.46667,41.83333,1.32774,-7.800001
401,38.5,7.453341,-11.13333,35.16666,1.32774,-14.46667,41.83333,4.32774,-7.800001
402,38.5,3.688727,-4.466667,35.16666,-1.67226,-7.8,41.83333,1.32774,-1.133334
403,38.5,6.688726,-4.466667,35.16666,1.32774,-7.8,41.83333,4.32774,-1.133334
404,38.5,2.877056,2.2,35.16666,-1.67226,-1.133334,41.83333,1.32774,5.533333
405,38.5,5.877056,2.2,35.16666,1.32774,-1.133334,41.83333,4.32774,5.533333
406,38.5,2.769306,8.866666,35.16666,-1.67226,5.533333,41.83333,1.32774,12.2
407,38.5,5.769306,8.866666,35.16666,1.32774,5.533333,41.83333,4.32774,12.2
408,38.5,2.700909,15.53333,35.16666,-1.67226,12.2,41.83333,1.32774,18.86666
409,38.5,5.700909,15.53333,35.16666,1.32774,12.2,41.83333,4.32774,18.86666
410,38.5,2.60376,22.2,35.16666,-1.67226,18.86666,41.83333,1.32774,25.53333
411,38.5,5.60376,22.2,35.16666,1.32774,18.86666,41.83333,4.32774,25.53333
412,38.5,2.601568,28.86667,35.16666,-1.67226,25.53333,41.83333,1.32774,32.2
413,38.5,5.601568,28.86667,35.16666,1.32774,25.53333,41.83333,4.32774,32.2
414,38.5,1.884367,35.53333,35.16666,-1.67226,32.2,41.83333,1.32774,38.86666
415,38.5,4.884367,35.53333,35.16666,1.32774,32.2,41.83333,4.32774,38.86666
416,38.5,1.799998,42.2,35.16666,-1.67226,38.86666,41.83333,1.32774,45.53333
417,38.5,4.799997,42.2,35.16666,1.32774,38.86666,41.83333,4.32774,45.53333
418,38.5,1.799998,48.86667,35.16666,-1.67226,45.53333,41.83333,1.32774,52.2
419,38.5,4.799997,48.86667,35.16666,1.32774,45.53333,41.83333,4.32774,52.2
420,45.16666,1.800001,-44.46667,41.83333,-1.67226,-47.8,48.5,1.32774,-41.13333
421,45.16666,4.800001,-44.46667,41.83333,1.32774,-47.8,48.5,4.32774,-41.13333
422,45.16666,1.800001,-37.8,41.83333,-1.67226,-41.13333,48.5,1.32774,-34.46666
423,45.16666,4.800001,-37.8,41.83333,1.32774,-41.13333,48.5,4.32774,-34.46666
424,45.16666,1.800001,-31.13334,41.83333,-1.67226,-34.46667,48.5,1.32774,-27.8
425,45.16666,4.800001,-31.13334,41.83333,1.32774,-34.46667,48.5,4.32774,-27.8
426,45.16666,1.8,-24.46667,41.83333,-1.67226,-27.8,48.5,1.32774,-21.13333
427,45.16666,4.8,-24.46667,41.83333,1.32774,-27.8,48.5,4.32774,-21.13333
428,45.16666,1.8,-17.8,41.83333,-1.67226,-21.13333,48.5,1.32774,-14.46667
429,45.16666,4.8,-17.8,41.83333,1.32774,-21.13333,48.5,4.32774,-14.46667
430,45.16666,4.054209,-11.13333,41.83333,-1.67226,-14.46667,48.5,1.32774,-7.800001
431,45.16666,7.054209,-11.13333,41.83333,1.32774,-14.46667,48.5,4.32774,-7.800001
432,45.16666,4.844902,-4.466667,41.83333,-1.67226,-7.8,48.5,1.32774,-1.133334
433,45.16666,7.844902,-4.466667,41.83333,1.32774,-7.8,48.5,4.32774,-1.133334
434,45.16666,3.567244,2.2,41.83333,-1.67226,-1.133334,48.5,1.32774,5.533333
435,45.16666,6.567244,2.2,41.83333,1.32774,-1.133334,48.5,4.32774,5.533333
436,45.16666,3.005928,8.866666,41.83333,-1.67226,5.533333,48.5,1.32774,12.2
437,45.16666,6.005928,8.866666,41.83333,1.32774,5.533333,48.5,4.32774,12.2
438,45.16666,2.651268,15.53333,41.83333,-1.67226,12.2,48.5,1.32774,18.86666
439,45.16666,5.651268,15.53333,41.83333,1.32774,12.2,48.5,4.32774,18.86666
440,45.16666,2.36237,22.2,41.83333,-1.67226,18.86666,48.5,1.32774,25.53333
441,45.16666,5.36237,22.2,41.83333,1.32774,18.86666,48.5,4.32774,25.53333
442,45.16666,1.799998,28.86667,41.83333,-1.67226,25.53333,48.5,1.32774,32.2
443,45.16666,4.799998,28.86667,41.83333,1.32774,25.53333,48.5,4.32774,32.2
444,45.16666,1.799998,35.53333,41.83333,-1.67226,32.2,48.5,1.32774,38.86666
445,45.16666,4.799998,35.53333,41.83333,1.32774,32.2,48.5,4.32774,38.86666
446,45.16666,1.799998,42.2,41.83333,-1.67226,38.86666,48.5,1.32774,45.53333
447,45.16666,4.799997,42.2,41.83333,1.32774,38.86666,48.5,4.32774,45.53333
448,45.16666,1.799998,48.86667,41.83333,-1.67226,45.53333,48.5,1.32774,52.2
449,45.16666,4.799997,48.86667,41.83333,1.32774,45.53333,48.5,4.32774,52.2
